"country.of.origin","harvest.year","variety","processing.method","aroma","flavor","aftertaste","acidity","body","balance","uniformity","clean.cup","sweetness","cupper.points","moisture","color","altitude_mean_meters","quality"
"Ethiopia","2014","Other","Washed / Wet",8.75,8.67,8.5,8.58,8.42,8.42,10,10,10,8.58,0.12,"Green",2075,"good"
"Ethiopia","2014","Other","Washed / Wet",8.25,8.5,8.25,8.5,8.42,8.33,10,10,10,8.58,0.12,"Green",2075,"good"
"Ethiopia","2014","Other","Natural / Dry",8.08,8.58,8.5,8.5,7.67,8.42,10,10,10,8.5,0.1,"Green",1822.5,"good"
"China","2015","Other","Washed / Wet",8.42,8.25,8.08,8.17,7.92,8,10,10,10,8.42,0.1,"Green",1450,"good"
"United States","2014","Other","Washed / Wet",8,8.25,8.08,8.5,8.25,8,10,10,10,8.17,0,"None",2019,"good"
"Costa Rica","2014","Caturra","Washed / Wet",8.08,8.25,8,8.17,8,8.33,10,10,10,8.33,0.11,"Green",1300,"good"
"Mexico","2012","Other","Washed / Wet",8.17,8.25,8.17,8,7.83,8.17,10,10,10,8.58,0.13,"Green",1320,"good"
"Brazil","2011","Bourbon","Natural / Dry",8.5,8.5,8,8,8,8,10,10,10,7.92,0.12,"Green",1250,"good"
"Uganda","2013","Other","Washed / Wet",8.42,8.17,8.17,8.17,7.83,7.92,10,10,10,8.17,0.12,"Green",1950,"good"
"Taiwan","2015","Other","Pulped natural / honey",8,8,8,8.25,8,8.17,10,10,10,8.17,0,"Green",1200,"good"
"Brazil","2011","Bourbon","Natural / Dry",8.5,8.17,8,7.75,8,8,10,10,10,8,0.12,"Green",1300,"good"
"Costa Rica","2016","Caturra","Washed / Wet",8.17,7.83,8,8.08,7.83,8,10,10,10,8.42,0,"Blue-Green",1300,"good"
"Kenya","2013","Other","Washed / Wet",8.08,8,8,8.25,7.92,7.92,10,10,10,8.08,0.12,"Blue-Green",1800,"good"
"Thailand","2012","Caturra","Washed / Wet",7.83,8.33,7.83,8.25,7.58,7.92,10,10,10,8.42,0.1,"Green",1300,"good"
"Taiwan","2015","Bourbon","Semi-washed / Semi-pulped",8.08,8.17,7.75,8.08,7.75,7.83,10,10,10,8.42,0.12,"Green",1000,"good"
"Kenya","2014","Other","Natural / Dry",8.08,8.08,8,8,7.83,8.08,10,10,10,8,0.11,"Bluish-Green",1754,"good"
"Brazil","2011","Bourbon","Semi-washed / Semi-pulped",8.33,8,8,8,7.75,8,10,10,10,8,0.11,"Blue-Green",1250,"good"
"Colombia","2013","Caturra","Washed / Wet",7.75,7.92,7.83,8.08,8.08,8.17,10,10,10,8.17,0.12,"Green",1200,"good"
"Kenya","2013","Other","Washed / Wet",7.92,8.17,7.83,8.5,7.5,7.92,10,10,10,8.17,0.11,"Green",1860,"good"
"Uganda","2012","Other","Washed / Wet",8.25,8,7.83,8.08,8,7.92,10,10,10,7.92,0.1,"Blue-Green",1650,"good"
"Uganda","2013","Other","Natural / Dry",8.17,8.17,7.92,8.08,7.83,7.75,10,10,10,8,0.12,"Green",1650,"good"
"Colombia","2013","Caturra","Washed / Wet",8,8,8,8.17,7.83,8,10,10,10,7.92,0,"Blue-Green",1800,"good"
"Panama","2017","Other","Washed / Wet",8,8,7.92,8.08,7.83,8,10,10,10,8,0.08,"Bluish-Green",1600,"good"
"Guatemala","2012","Bourbon","Washed / Wet",7.83,8,8,8.17,7.83,8,10,10,10,8,0.12,"Green",1524,"good"
"Guatemala","2012","Catuai","Washed / Wet",8,8,7.83,8.33,7.83,7.83,10,10,10,8,0.1,"Bluish-Green",1417.32,"good"
"El Salvador","2013","Bourbon","Washed / Wet",7.92,8.17,8,7.92,7.75,7.83,10,10,10,8,0.1,"Blue-Green",1500,"good"
"El Salvador","2012","Bourbon","Semi-washed / Semi-pulped",7.83,8,8,7.75,7.92,8.17,10,10,10,7.92,0.11,"None",1350,"good"
"Kenya","2014","Other","Natural / Dry",7.92,7.92,7.83,8.08,7.83,7.92,10,10,10,8,0.1,"Green",1900,"good"
"Ethiopia","2015","Other","Natural / Dry",7.83,8,7.83,7.92,7.83,8.08,10,10,10,8,0.12,"Green",1900,"good"
"Uganda","2013","Other","Washed / Wet",8.33,7.92,7.67,7.92,7.67,7.92,10,10,10,8.08,0.12,"Green",1600,"good"
"Guatemala","2013","Bourbon","Washed / Wet",8,7.83,7.67,8.33,7.83,8,10,10,10,7.83,0.11,"Green",1731.264,"good"
"Uganda","2013","Other","Washed / Wet",8.08,8,7.83,7.67,8,7.83,10,10,10,8,0.12,"Green",1950,"good"
"Brazil","2011","Bourbon","Semi-washed / Semi-pulped",8,8,8,7.67,7.75,8,10,10,10,8,0.11,"Blue-Green",1250,"good"
"China","2015","Other","Natural / Dry",8,8,8,7.83,7.83,7.75,10,10,10,7.92,0.1,"Green",1700,"good"
"Guatemala","2014","Other","Natural / Dry",7.83,7.75,7.83,7.67,7.83,8.58,10,10,10,7.83,0.11,"Green",1770,"good"
"Costa Rica","2014","Caturra","Washed / Wet",7.92,8.08,8,7.92,8,8.08,10,10,9.33,8,0,"Bluish-Green",1300,"good"
"Costa Rica","2014","Caturra","Washed / Wet",8,7.58,7.58,7.67,8.08,8.5,10,10,10,7.92,0.1,"Bluish-Green",1300,"good"
"Kenya","2012","Other","Washed / Wet",7.83,8.08,7.75,8.08,7.92,7.75,10,10,10,7.92,0,"Green",1600,"good"
"Kenya","2012","Other","Washed / Wet",8,7.92,7.92,8.08,7.83,7.75,10,10,10,7.83,0,"Green",1200,"good"
"Colombia","2015","Caturra","Washed / Wet",8.17,7.92,7.83,8,7.58,7.83,10,10,10,7.92,0.11,"Green",1550,"good"
"Colombia","2014","Caturra","Natural / Dry",7.58,8.08,7.92,7.83,8,7.92,10,10,10,7.92,0.12,"Green",1550,"good"
"Indonesia","2012","Other","Semi-washed / Semi-pulped",7.75,7.83,7.67,8,8.08,7.83,10,10,10,8,0.11,"Green",1325,"good"
"Colombia","2012","Caturra","Natural / Dry",7.83,8,7.75,7.75,7.83,7.83,10,10,10,8.08,0.11,"Green",2136,"good"
"Uganda","2016","Other","Washed / Wet",8.17,7.92,7.75,7.75,7.67,7.75,10,10,10,8,0.11,"Green",1800,"good"
"Costa Rica","2016","Catuai","Washed / Wet",7.83,8,7.58,7.92,7.92,7.83,10,10,10,7.92,0.12,"Green",1900,"good"
"Mexico","2015","Typica","Washed / Wet",7.83,8,7.83,7.75,7.67,7.83,10,10,10,8.08,0.09,"Green",1300,"good"
"Kenya","2012","Other","Washed / Wet",7.75,7.83,7.75,8.08,8,7.75,10,10,10,7.83,0,"Green",1580,"good"
"Brazil","2012","Other","Natural / Dry",8,8,7.83,7.83,7.67,7.67,10,10,10,8,0.12,"Green",1100,"good"
"Colombia","2015","Caturra","Washed / Wet",7.92,7.83,7.75,7.83,7.75,8,10,10,10,7.83,0.12,"Green",1775,"good"
"Taiwan","2015","Typica","Semi-washed / Semi-pulped",7.67,7.83,8,7.58,8,7.92,10,10,10,7.92,0.11,"Green",800,"good"
"Tanzania, United Republic Of","2014","Other","Washed / Wet",8,7.83,7.83,7.92,7.75,7.75,10,10,10,7.83,0.12,"Green",1620,"good"
"Colombia","2012","Caturra","Washed / Wet",7.75,7.92,7.83,7.75,7.75,8,10,10,10,7.92,0.11,"Green",1775,"good"
"Brazil","2011","Bourbon","Natural / Dry",8,7.92,7.75,7.75,8,7.75,10,10,10,7.75,0.11,"Green",1200,"good"
"Brazil","2011","Catuai","Natural / Dry",8,8,7.75,8,7.5,7.75,10,10,10,7.92,0.12,"Green",1000,"good"
"Taiwan","2016","Typica","Natural / Dry",7.92,7.58,7.83,7.83,7.83,7.83,10,10,10,8,0,"Green",350,"good"
"Uganda","2013","Other","Natural / Dry",7.75,7.92,7.67,7.67,8.25,7.75,10,10,10,7.83,0.12,"Green",1650,"good"
"Kenya","2014","Other","Washed / Wet",7.92,7.83,7.58,7.92,7.75,7.83,10,10,10,7.92,0.13,"Green",1800,"good"
"Honduras","2014","Catuai","Washed / Wet",7.83,7.75,8,7.67,7.67,7.67,10,10,10,8.17,0.11,"Green",1450,"good"
"El Salvador","2016","Bourbon","Washed / Wet",7.83,7.83,7.5,8,7.83,7.67,10,10,10,8,0,"Blue-Green",1350,"good"
"Indonesia","2016","Other","Washed / Wet",7.92,7.83,7.75,7.75,7.75,7.75,10,10,10,7.92,0.12,"Green",1200,"good"
"Costa Rica","2015","Catuai","Washed / Wet",8.08,7.75,7.67,7.83,7.5,7.92,10,10,10,7.92,0.1,"Blue-Green",1150,"good"
"Guatemala","2015","Bourbon","Washed / Wet",7.75,7.83,7.58,8,7.92,7.75,10,10,10,7.83,0.1,"Green",1600,"good"
"Costa Rica","2014","Caturra","Washed / Wet",8.17,8,7.83,7.17,7.83,7.75,10,10,10,7.92,0.12,"Green",1750,"good"
"Costa Rica","2014","Other","Other",7.67,7.58,7.75,7.75,7.67,8.58,10,10,10,7.67,0.08,"Green",1750,"good"
"Costa Rica","2014","Catuai","Washed / Wet",8,7.58,7.83,7.75,7.75,7.75,10,10,10,8,0.11,"Green",1200,"good"
"Taiwan","2014","Typica","Washed / Wet",8,7.92,7.75,7.75,7.75,7.75,10,10,10,7.75,0.11,"Green",1000,"good"
"Colombia","2013","Caturra","Washed / Wet",7.75,7.83,7.75,7.83,7.75,7.83,10,10,10,7.92,0,"Green",1550,"good"
"Kenya","2012","Other","Washed / Wet",7.75,7.92,7.83,8,7.58,7.75,10,10,10,7.83,0.11,"Bluish-Green",2000,"good"
"Guatemala","2012","Bourbon","Washed / Wet",8,7.83,7.67,7.83,7.67,8,10,10,10,7.67,0.11,"Green",1310.64,"good"
"Guatemala","2012","Bourbon","Washed / Wet",7.67,7.83,7.67,8,7.67,7.83,10,10,10,8,0.12,"Green",1524,"good"
"Uganda","2012","Other","Washed / Wet",7.92,7.83,7.75,7.92,7.67,7.75,10,10,10,7.83,0.11,"Blue-Green",1775,"good"
"Colombia","2016","Other","Washed / Wet",7.83,7.67,7.58,7.92,7.67,7.83,10,10,10,8.08,0,"Blue-Green",1500,"good"
"Kenya","2013","Other","Washed / Wet",7.83,7.83,7.83,7.75,7.58,7.83,10,10,10,7.92,0.1,"Bluish-Green",1800,"good"
"Guatemala","2014","Other","Washed / Wet",7.75,7.83,7.67,7.92,7.75,7.83,10,10,10,7.83,0.11,"Green",1524,"good"
"Guatemala","2014","Bourbon","Washed / Wet",8,7.92,7.67,7.58,7.58,7.67,10,10,10,8.17,0.09,"Green",1219.2,"good"
"Colombia","2012","Caturra","Washed / Wet",7.67,7.83,7.83,8,7.58,7.92,10,10,10,7.75,0,"Green",1750,"good"
"Costa Rica","2012","Bourbon","Semi-washed / Semi-pulped",7.75,7.83,7.75,8,7.83,7.67,10,10,10,7.75,0.12,"Bluish-Green",1575,"good"
"Colombia","2012","Caturra","Washed / Wet",7.42,7.67,7.75,7.75,8.08,7.83,10,10,10,8.08,0.11,"Green",1800,"good"
"Brazil","2011","Bourbon","Semi-washed / Semi-pulped",8,8,7.75,7.75,7.58,7.75,10,10,10,7.75,0.12,"Green",1300,"good"
"Brazil","2011","Catuai","Semi-washed / Semi-pulped",8.5,8,7.5,7.75,7.5,7.83,10,10,10,7.5,0.11,"Blue-Green",1100,"good"
"Costa Rica","2018","Caturra","Washed / Wet",7.92,7.67,7.92,7.75,7.67,7.58,10,10,10,8,0.1,"Bluish-Green",1200,"good"
"Uganda","2016","Other","Washed / Wet",7.92,7.75,7.67,7.75,7.83,7.75,10,10,10,7.83,0.11,"Green",1750,"good"
"China","2015","Other","Washed / Wet",7.75,7.92,7.67,7.83,7.75,7.67,10,10,10,7.92,0.1,"Green",1680,"good"
"Costa Rica","2014","Caturra","Washed / Wet",7.92,7.83,7.83,7.83,7.58,7.58,10,10,10,7.92,0.11,"Green",1700,"good"
"Colombia","2016","Other","Washed / Wet",8.08,7.67,7.83,7.83,7.67,7.67,10,10,10,7.75,0.12,"Green",1800,"good"
"China","2013","Other","Washed / Wet",7.67,8,7.75,7.83,7.75,7.58,10,10,10,7.92,0,"Green",1100,"good"
"Guatemala","2013","Bourbon","Washed / Wet",8.17,7.83,7.67,7.83,7.67,7.83,10,10,10,7.5,0.11,"Green",1310.64,"good"
"Kenya","2012","Other","Washed / Wet",7.92,7.83,7.67,8,7.67,7.75,10,10,10,7.67,0.11,"Blue-Green",2000,"good"
"Mexico","2012","Typica","Washed / Wet",8,7.92,7.42,8.08,7.5,7.67,10,10,10,7.92,0.12,"Green",1350,"good"
"Costa Rica","2016","Caturra","Washed / Wet",7.58,7.83,7.83,8,7.67,7.58,10,10,10,7.92,0.1,"Blue-Green",1300,"good"
"Indonesia","2017","Other","Other",7.67,7.67,7.83,7.58,7.83,7.83,10,10,10,8,0,"Blue-Green",1400,"good"
"Colombia","2014","Caturra","Washed / Wet",7.92,7.75,7.67,7.92,7.67,7.75,10,10,10,7.75,0,"Green",1775,"good"
"Taiwan","2012","Typica","Washed / Wet",7.83,7.83,7.75,8,7.5,7.75,10,10,10,7.75,0.11,"Blue-Green",1200,"good"
"Kenya","2018","Other","Washed / Wet",7.33,7.58,7.83,7.75,7.75,7.92,10,10,10,8.17,0.11,"Green",1800,"good"
"Honduras","2016","Catuai","Washed / Wet",7.58,7.92,7.58,7.75,7.92,7.75,10,10,10,7.83,0.11,"Green",1500,"good"
"Colombia","2015","Caturra","Natural / Dry",7.75,7.67,8,7.67,8.08,7.83,10,10,10,7.33,0.11,"Green",442,"good"
"Colombia","2013","Caturra","Washed / Wet",7.75,7.58,7.33,7.83,7.58,8.08,10,10,10,8.17,0,"Green",1800,"good"
"Mexico","2012","Typica","Washed / Wet",8,7.75,7.75,7.83,7.5,7.67,10,10,10,7.83,0.12,"Blue-Green",1700,"good"
"Taiwan","2016","Typica","Washed / Wet",7.92,7.75,7.75,7.67,7.67,7.83,10,10,10,7.67,0.12,"Blue-Green",1000,"good"
"Thailand","2015","Other","Natural / Dry",7.83,7.75,7.75,7.42,7.83,7.67,10,10,10,8,0.12,"Green",1200,"good"
"Colombia","2016","Caturra","Natural / Dry",7.83,7.58,7.75,7.58,7.67,8,10,10,10,7.83,0.11,"Green",2560,"good"
"Guatemala","2016","Caturra","Washed / Wet",7.75,7.75,7.58,7.92,7.75,7.75,10,10,10,7.75,0.11,"Green",1500,"good"
"Guatemala","2015","Caturra","Washed / Wet",7.75,7.92,7.5,8.08,7.58,7.67,10,10,10,7.75,0.1,"Green",1099.4136,"good"
"China","2015","Other","Natural / Dry",7.83,7.83,7.58,7.75,7.75,7.75,10,10,10,7.75,0.1,"Green",1400,"good"
"Colombia","2015","Caturra","Washed / Wet",7.67,7.67,7.75,7.75,7.67,7.92,10,10,10,7.83,0.11,"Green",1775,"good"
"Colombia","2015","Caturra","Washed / Wet",7.83,7.67,7.75,7.58,7.92,7.75,10,10,10,7.75,0.12,"Green",1775,"good"
"Colombia","2016","Other","Washed / Wet",7.83,7.75,7.83,7.58,7.67,7.75,10,10,10,7.83,0.12,"Green",1800,"good"
"Colombia","2015","Caturra","Natural / Dry",7.42,7.67,7.83,7.75,7.92,7.83,10,10,10,7.83,0.12,"Green",442,"good"
"Tanzania, United Republic Of","2014","Other","Washed / Wet",7.83,7.67,7.75,7.83,7.67,7.67,10,10,10,7.83,0.12,"Green",1620,"good"
"Tanzania, United Republic Of","2014","Other","Washed / Wet",7.83,7.75,7.75,7.75,7.67,7.75,10,10,10,7.75,0.12,"Green",1600,"good"
"Guatemala","2014","Bourbon","Other",7.83,7.83,7.5,7.92,7.58,7.75,10,10,10,7.83,0.1,"Green",1219.2,"good"
"Colombia","2013","Caturra","Washed / Wet",7.58,7.5,7.75,7.83,7.92,7.83,10,10,10,7.83,0.11,"Green",1700,"good"
"Mexico","2012","Typica","Semi-washed / Semi-pulped",7.83,7.92,7.67,7.83,7.5,7.75,10,10,10,7.75,0.12,"Green",1450,"good"
"Mexico","2012","Bourbon","Washed / Wet",7.83,7.83,7.75,7.67,7.83,7.58,10,10,10,7.75,0.12,"Green",1170,"good"
"Mexico","2012","Bourbon","Washed / Wet",7.83,7.92,7.67,7.75,7.5,7.75,10,10,10,7.83,0.1,"Bluish-Green",1400,"good"
"Uganda","2012","Other","Natural / Dry",8.17,7.75,7.58,7.67,7.83,7.58,10,10,10,7.67,0.13,"Green",1700,"good"
"Guatemala","2017","Bourbon","Washed / Wet",7.75,7.83,7.58,7.83,7.67,7.75,10,10,10,7.75,0.13,"Green",1700,"good"
"Costa Rica","2016","Caturra","Washed / Wet",7.92,7.75,7.67,7.67,7.5,7.67,10,10,10,8,0.09,"Bluish-Green",1700,"good"
"Guatemala","2016","Caturra","Washed / Wet",7.75,7.75,7.58,8,7.67,7.83,10,10,10,7.58,0.11,"Green",1116.7872,"good"
"Guatemala","2016","Caturra","Washed / Wet",7.75,7.92,7.58,7.92,7.67,7.67,10,10,10,7.67,0.1,"Green",1565,"good"
"Guatemala","2016","Bourbon","Washed / Wet",7.58,7.83,7.58,7.83,7.83,7.67,10,10,10,7.83,0.1,"Green",3280,"good"
"Colombia","2015","Caturra","Washed / Wet",8,7.5,7.5,7.67,8,7.83,10,10,10,7.67,0,"Bluish-Green",1775,"good"
"Nicaragua","2015","Caturra","Natural / Dry",7.67,7.83,7.83,7.5,7.67,7.83,10,10,10,7.83,0.12,"Bluish-Green",1000,"good"
"Costa Rica","2014","Caturra","Washed / Wet",7.67,7.75,7.67,7.75,7.5,8,10,10,10,7.83,0,"Blue-Green",1850,"good"
"Ethiopia","2014","Other","Natural / Dry",7.5,7.92,7.58,7.83,7.75,7.83,10,10,10,7.75,0.1,"Green",1606.5,"good"
"Tanzania, United Republic Of","2014","Other","Washed / Wet",7.92,7.75,7.75,7.75,7.75,7.58,10,10,10,7.67,0.13,"Green",1400,"good"
"Colombia","2015","Other","Washed / Wet",7.67,7.5,7.67,7.42,7.83,8.58,10,10,10,7.5,0.12,"Green",1530,"good"
"Kenya","2013","Other","Washed / Wet",7.58,7.75,7.75,7.75,7.75,7.83,10,10,10,7.75,0.08,"Green",250.5,"good"
"Brazil","2012","Other","Natural / Dry",7.58,7.83,7.75,7.67,7.67,8,10,10,10,7.67,0.11,"Green",1038.5,"good"
"Guatemala","2013","Bourbon","Washed / Wet",7.92,7.75,7.67,7.67,7.83,7.92,10,10,10,7.42,0.11,"Green",1310.64,"good"
"El Salvador","2013","Bourbon","Natural / Dry",8.42,8.08,7.5,7.17,7.58,8.17,9.33,10,10,7.92,0.11,"Bluish-Green",1500,"good"
"Colombia","2012","Caturra","Washed / Wet",7.75,7.75,7.75,7.75,7.83,7.75,10,10,10,7.58,0,"Green",1750,"good"
"Uganda","2012","Other","Washed / Wet",7.83,7.75,7.5,7.83,7.83,7.75,10,10,10,7.67,0.11,"Green",1600,"good"
"Colombia","2018","Caturra","Washed / Wet",7.83,7.5,7.42,7.5,7.83,8.5,10,10,10,7.5,0,"Green",442,"good"
"Taiwan","2016","Typica","Washed / Wet",7.58,7.67,7.67,7.67,7.75,7.83,10,10,10,7.92,0.1,"Bluish-Green",968,"good"
"Guatemala","2014","Bourbon","Washed / Wet",7.58,7.75,7.67,8,7.75,7.67,10,10,10,7.67,0.1,"Bluish-Green",1550,"good"
"Mexico","2012","Typica","Washed / Wet",7.67,7.75,7.67,7.75,7.67,7.75,10,10,10,7.83,0.11,"Green",1480,"good"
"Ethiopia","2017","Other","Natural / Dry",7.83,7.75,7.67,7.75,7.33,7.75,10,10,10,7.92,0.11,"Green",1800,"good"
"Honduras","2017","Caturra","Washed / Wet",7.42,7.83,7.75,7.92,7.75,7.58,10,10,10,7.75,0.1,"Green",1500,"good"
"Guatemala","2015","Caturra","Washed / Wet",7.67,7.83,7.58,7.92,7.75,7.67,10,10,10,7.58,0.12,"Green",1706.88,"good"
"Colombia","2015","Other","Washed / Wet",7.67,7.67,7.83,7.58,7.58,7.83,10,10,10,7.83,0.11,"Green",1600,"good"
"Guatemala","2014","Bourbon","Natural / Dry",7.92,7.67,7.42,7.92,7.75,7.83,10,10,10,7.5,0.1,"Green",1219.2,"good"
"Guatemala","2014","Bourbon","Other",7.75,7.83,7.5,7.83,7.58,7.67,10,10,10,7.83,0.1,"Green",1219.2,"good"
"Colombia","2014","Caturra","Natural / Dry",7.58,7.42,7.75,7.92,7.75,7.92,10,10,10,7.67,0.12,"Green",1450,"good"
"Colombia","2014","Caturra","Washed / Wet",7.67,7.67,7.5,7.5,7.67,7.67,10,10,10,8.33,0.12,"Green",1775,"good"
"Ethiopia","2013","Other","Natural / Dry",7.75,7.75,7.5,7.58,7.67,7.92,10,10,10,7.83,0.09,"Green",1550,"good"
"Brazil","2014","Other","Natural / Dry",7.58,7.83,7.67,7.25,8,7.75,10,10,10,7.92,0.1,"Green",1260,"good"
"Colombia","2013","Caturra","Washed / Wet",7.67,7.83,7.67,7.75,7.67,7.75,10,10,10,7.67,0.11,"Green",1700,"good"
"Kenya","2012","Other","Washed / Wet",7.67,7.83,7.5,7.75,7.92,7.67,10,10,10,7.67,0,"Green",1200,"good"
"Kenya","2012","Other","Washed / Wet",7.67,7.75,7.67,7.75,7.83,7.67,10,10,10,7.67,0,"Bluish-Green",1650,"good"
"Uganda","2012","Other","Washed / Wet",7.92,7.75,7.58,7.67,7.67,7.83,10,10,10,7.58,0.1,"Green",1700,"good"
"Brazil","2018","Bourbon","Natural / Dry",7.5,7.75,7.58,7.5,7.58,7.5,10,10,10,8.5,0,"Green",890,"good"
"Mexico","2017","Other","Washed / Wet",7.83,7.83,7.58,7.92,7.42,7.5,10,10,10,7.83,0.11,"Green",1300,"good"
"Thailand","2015","Other","Natural / Dry",7.67,7.75,7.5,7.67,7.67,7.83,10,10,10,7.83,0.1,"Bluish-Green",1350,"good"
"Brazil","2016","Bourbon","Natural / Dry",7.58,7.67,7.67,7.75,7.58,7.83,10,10,10,7.83,0.11,"Green",934,"good"
"Taiwan","2015","Typica","Washed / Wet",7.83,7.75,7.83,7.75,7.83,7.75,9.33,10,10,7.83,0.11,"Green",1200,"good"
"Colombia","2014","Caturra","Washed / Wet",7.75,7.58,7.67,7.83,7.83,7.67,10,10,10,7.58,0,"Green",1775,"good"
"Taiwan","2014","Typica","Washed / Wet",8,7.92,7.92,7.92,7.67,7.33,10,10,10,7.17,0.06,"Green",950,"good"
"Colombia","2014","Caturra","Natural / Dry",7.67,7.83,7.67,7.75,7.67,7.83,10,10,10,7.5,0.12,"Green",1550,"good"
"Mexico","2012","Typica","Washed / Wet",7.67,7.75,7.58,7.67,7.75,7.83,10,10,10,7.67,0.12,"Blue-Green",900,"good"
"Mexico","2012","Typica","Washed / Wet",7.75,7.92,7.83,7.92,7.75,7.67,9.33,10,10,7.75,0,"Green",1400,"good"
"Colombia","2017","Caturra","Washed / Wet",7.92,7.58,7.5,7.83,7.58,7.67,10,10,10,7.75,0,"Green",2527,"good"
"Costa Rica","2015","Caturra","Washed / Wet",7.67,7.67,7.75,7.67,7.5,7.75,10,10,10,7.83,0,"Blue-Green",1850,"good"
"Guatemala","2016","Bourbon","Washed / Wet",7.75,7.75,7.5,7.75,7.83,7.58,10,10,10,7.67,0.11,"Green",1500,"good"
"Brazil","2016","Other","Natural / Dry",7.25,7.58,7.42,8,7.75,7.83,10,10,10,8,0,"Green",1,"good"
"Taiwan","2014","Typica","Washed / Wet",7.67,7.75,7.67,7.75,7.42,7.75,10,10,10,7.83,0,"Green",525,"good"
"Brazil","2015","Bourbon","Semi-washed / Semi-pulped",7.67,7.67,7.58,7.5,7.83,8.17,10,10,9.33,8.08,0,"Green",1200,"good"
"Costa Rica","2013","Catuai","Washed / Wet",7.83,7.42,7.5,7.83,7.75,7.83,10,10,10,7.67,0.1,"Green",1300,"good"
"Guatemala","2014","Bourbon","Washed / Wet",7.58,7.83,7.33,8,7.58,7.75,10,10,10,7.75,0.1,"Green",1219.2,"good"
"Brazil","2014","Other","Natural / Dry",7.92,7.5,7.33,7.67,8.17,7.5,10,10,10,7.75,0.1,"Green",1260,"good"
"Colombia","2013","Caturra","Washed / Wet",7.67,7.58,7.58,7.83,7.58,7.67,10,10,10,7.92,0.11,"Green",1750,"good"
"Guatemala","2013","Bourbon","Washed / Wet",7.5,7.83,7.5,7.83,7.83,7.67,10,10,10,7.67,0.11,"Green",1310.64,"good"
"Mexico","2012","Bourbon","Natural / Dry",7.67,8,7.67,7.42,7.67,7.5,10,10,10,7.92,0.1,"Green",1218,"good"
"Brazil","2012","Other","Semi-washed / Semi-pulped",7.83,7.83,7.58,7.67,7.5,7.58,10,10,10,7.83,0.12,"Green",1250,"good"
"Brazil","2018","Bourbon","Natural / Dry",7.67,7.67,7.58,7.75,7.67,7.67,10,10,10,7.75,0.11,"Green",890,"good"
"Colombia","2017","Caturra","Washed / Wet",7.83,7.83,7.58,7.58,7.58,7.58,10,10,10,7.75,0.11,"Green",442,"good"
"Taiwan","2016","Typica","Natural / Dry",7.67,7.67,7.58,7.58,7.67,7.83,10,10,10,7.75,0,"Green",750,"good"
"China","2015","Other","Washed / Wet",7.83,7.75,7.67,7.5,7.58,7.67,10,10,10,7.75,0.1,"Green",1650,"good"
"Colombia","2016","Caturra","Natural / Dry",7.75,7.67,7.5,7.67,7.58,7.83,10,10,10,7.75,0,"Green",442,"good"
"Uganda","2013","Bourbon","Natural / Dry",8,7.92,7.58,7.75,7.33,7.5,10,10,10,7.67,0.12,"Green",1400,"good"
"United States (Puerto Rico)","2013","Other","Washed / Wet",7.83,7.83,7.83,7.67,8,8.17,9.33,9.33,10,7.75,0.12,"Green",853.44,"good"
"Colombia","2014","Caturra","Washed / Wet",7.67,7.67,7.67,7.92,7.5,7.67,10,10,10,7.67,0,"Green",1775,"good"
"Colombia","2014","Other","Washed / Wet",7.67,7.42,7.42,7.42,8,8.33,10,10,10,7.5,0,"Green",1550,"good"
"Colombia","2013","Caturra","Washed / Wet",7.58,7.67,7.75,7.67,7.67,7.67,10,10,10,7.75,0,"Blue-Green",1750,"good"
"Colombia","2013","Caturra","Washed / Wet",7.75,7.67,7.75,7.58,7.42,8,10,10,10,7.58,0.11,"Green",1750,"good"
"Mexico","2012","Caturra","Natural / Dry",7.83,7.58,7.58,7.5,7.75,7.67,10,10,10,7.83,0.13,"None",700,"good"
"Guatemala","2012","Caturra","Washed / Wet",7.67,7.58,7.58,7.67,7.75,7.75,10,10,10,7.75,0.11,"Bluish-Green",1300,"good"
"Brazil","2018","Bourbon","Natural / Dry",7.67,7.83,7.5,7.67,7.67,7.5,10,10,10,7.83,0.11,"Green",890,"good"
"Kenya","2017","Other","Washed / Wet",8.08,7.67,7.67,7.58,7.25,7.67,10,10,10,7.75,0.11,"Bluish-Green",1700,"good"
"Honduras","2016","Caturra","Washed / Wet",7.5,7.5,7.67,7.67,8,8,10,10,10,7.33,0.1,"Green",1400,"good"
"Nicaragua","2016","Caturra","Washed / Wet",7.67,7.75,7.67,7.67,7.83,7.58,10,10,10,7.5,0.1,"Green",1250,"good"
"Brazil","2016","Bourbon","Natural / Dry",7.58,7.75,7.58,7.75,7.58,7.58,10,10,10,7.83,0.11,"Green",934,"good"
"Taiwan","2015","Caturra","Natural / Dry",7.5,7.67,7.33,7.92,7.83,7.67,10,10,10,7.75,0.1,"Bluish-Green",1200,"good"
"Guatemala","2014","Bourbon","Washed / Wet",8,7.5,7.33,8,8,8,9.33,10,10,7.5,0.1,"Green",1356.6648,"good"
"Colombia","2013","Caturra","Washed / Wet",7.83,7.75,7.67,7.58,7.58,7.67,10,10,10,7.58,0,"Green",1750,"good"
"Colombia","2013","Caturra","Washed / Wet",7.67,7.67,7.67,7.67,7.33,7.75,10,10,10,7.92,0,"Green",1900,"good"
"Guatemala","2013","Bourbon","Washed / Wet",7.67,7.67,7.42,7.67,8,7.75,10,10,10,7.5,0.12,"Green",1310.64,"good"
"Guatemala","2013","Bourbon","Washed / Wet",7.83,7.67,7.33,7.67,7.67,7.83,10,10,10,7.67,0.11,"Green",1310.64,"good"
"Colombia","2012","Caturra","Washed / Wet",7.75,7.75,7.58,7.83,7.17,7.75,10,10,10,7.83,0.11,"Green",1750,"good"
"Guatemala","2012","Caturra","Natural / Dry",8.17,8.17,7.83,7.67,8.08,7.75,9.33,9.33,9.33,8,0.11,"Green",1450,"good"
"Guatemala","2012","Bourbon","Washed / Wet",7.67,8.17,7.5,7.42,7.58,7.83,10,10,10,7.5,0.11,"Green",1310.64,"good"
"Mexico","2012","Typica","Washed / Wet",7.67,7.5,7.5,7.33,7.83,8.25,10,10,10,7.58,0.12,"Green",1100,"good"
"Indonesia","2012","Typica","Washed / Wet",8.17,7.67,7.58,7.58,7.42,7.67,10,10,10,7.58,0.12,"Green",1400,"good"
"Guatemala","2012","Caturra","Washed / Wet",7.67,7.5,7.33,8,7.67,7.67,10,10,10,7.83,0.1,"Green",1524,"good"
"Brazil","2018","Bourbon","Natural / Dry",7.58,7.67,7.58,7.58,7.67,7.58,10,10,10,7.92,0.11,"Green",890,"good"
"Guatemala","2016","Caturra","Washed / Wet",7.75,7.75,7.5,7.83,7.58,7.58,10,10,10,7.58,0.11,"Green",1128.3696,"good"
"China","2015","Other","Washed / Wet",7.67,7.58,7.58,7.58,7.67,7.75,10,10,10,7.75,0.1,"Green",1100,"good"
"Colombia","2015","Caturra","Washed / Wet",7.67,7.75,7.58,7.67,7.75,7.58,10,10,10,7.58,0.12,"Green",1775,"good"
"Mexico","2014","Caturra","Washed / Wet",7.75,7.75,7.58,7.58,7.5,7.67,10,10,10,7.75,0.12,"Green",1200,"good"
"Uganda","2013","Other","Washed / Wet",7.67,7.67,7.42,7.75,7.75,7.67,10,10,10,7.67,0.12,"Green",1800,"good"
"Colombia","2014","Caturra","Natural / Dry",7.67,7.58,7.67,7.67,7.67,7.67,10,10,10,7.67,0,"Green",1600,"good"
"Colombia","2014","Caturra","Washed / Wet",7.67,7.58,7.67,7.58,7.67,7.75,10,10,10,7.67,0.12,"Green",1550,"good"
"Taiwan","2014","Typica","Other",7.75,7.75,7.75,7.75,7.5,7.58,10,10,10,7.5,0.11,"Green",1000,"good"
"Colombia","2012","Caturra","Washed / Wet",7.67,7.67,7.58,7.67,7.75,7.58,10,10,10,7.67,0.11,"Green",1775,"good"
"Colombia","2012","Caturra","Natural / Dry",7.67,7.58,7.58,7.58,7.67,7.75,10,10,10,7.75,0.11,"Green",2136,"good"
"Brazil","2012","Catuai","Semi-washed / Semi-pulped",7.83,7.75,7.5,7.75,7.5,7.58,10,10,10,7.67,0.12,"Blue-Green",1100,"good"
"Colombia","2016","Caturra","Washed / Wet",7.75,7.58,7.58,7.75,7.75,7.5,10,10,10,7.58,0,"Bluish-Green",1799,"good"
"Costa Rica","2015","Caturra","Washed / Wet",7.92,7.42,7.5,7.67,7.5,7.67,10,10,10,7.83,0,"Blue-Green",1850,"good"
"Colombia","2016","Caturra","Natural / Dry",7.75,7.58,7.58,7.5,7.75,7.75,10,10,10,7.58,0,"Green",1000,"good"
"Guatemala","2016","Bourbon","Washed / Wet",7.67,7.75,7.5,7.83,7.58,7.58,10,10,10,7.58,0.1,"Bluish-Green",1219.2,"good"
"Colombia","2015","Caturra","Washed / Wet",7.58,7.58,7.58,7.58,7.75,7.67,10,10,10,7.75,0.12,"Green",1775,"good"
"Tanzania, United Republic Of","2015","Other","Washed / Wet",7.75,7.67,7.58,7.67,7.67,7.58,10,10,10,7.58,0.13,"Green",1400,"good"
"Indonesia","2015","Other","Semi-washed / Semi-pulped",7.25,7.67,7.58,7.92,7.83,7.58,10,10,10,7.67,0.13,"Bluish-Green",1500,"good"
"Colombia","2014","Caturra","Washed / Wet",8,7.58,7.25,7.58,7.92,7.58,10,10,10,7.58,0.11,"Green",1850,"good"
"Guatemala","2013","Caturra","Washed / Wet",7.58,7.75,7.5,7.83,7.42,7.67,10,10,10,7.75,0.1,"Green",1400,"good"
"Honduras","2015","Caturra","Natural / Dry",7.67,7.5,7.67,7.5,7.67,7.67,10,10,10,7.83,0.1,"Green",1350,"good"
"Colombia","2013","Caturra","Washed / Wet",7.58,7.75,7.42,7.67,7.75,7.67,10,10,10,7.67,0,"Green",1750,"good"
"Colombia","2013","Caturra","Washed / Wet",7.58,7.67,7.58,7.75,7.58,7.75,10,10,10,7.58,0.11,"Green",1750,"good"
"Mexico","2012","Bourbon","Natural / Dry",7.83,7.58,7.25,7.5,7.5,7.42,10,10,10,8.42,0.13,"Green",1170,"good"
"Mexico","2012","Typica","Semi-washed / Semi-pulped",7.67,7.75,7.67,7.75,7.58,7.5,10,10,10,7.58,0.11,"Green",940,"good"
"Mexico","2012","Other","Washed / Wet",7.75,7.67,7.67,7.75,7.33,7.5,10,10,10,7.83,0.12,"Green",1400,"good"
"Guatemala","2012","Caturra","Washed / Wet",7.83,7.5,7.5,8,7.67,7.5,10,10,10,7.5,0.1,"Green",1524,"good"
"Colombia","2012","Caturra","Washed / Wet",7.67,7.58,7.58,7.67,7.67,7.67,10,10,10,7.67,0.11,"Green",1775,"good"
"Guatemala","2012","Bourbon","Washed / Wet",7.5,7.5,7.75,7.5,8,7.67,10,10,10,7.58,0,"Green",1402.08,"good"
"Colombia","2018","Caturra","Washed / Wet",7.5,7.58,7.58,7.5,7.75,7.83,10,10,10,7.67,0,"Green",439,"good"
"Guatemala","2017","Bourbon","Washed / Wet",7.67,7.75,7.5,7.58,7.58,7.67,10,10,10,7.67,0.1,"Green",1700,"good"
"Colombia","2016","Caturra","Washed / Wet",7.67,7.67,7.5,7.67,7.67,7.58,10,10,10,7.67,0.11,"Green",442,"good"
"Costa Rica","2016","Caturra","Washed / Wet",7.58,7.5,7.42,7.92,7.5,7.67,10,10,10,7.83,0.09,"Blue-Green",1850,"good"
"Uganda","2015","Other","Washed / Wet",7.58,7.75,7.33,7.75,7.67,7.58,10,10,10,7.75,0.11,"Green",1800,"good"
"Thailand","2015","Other","Washed / Wet",7.5,7.58,7.75,7.5,7.75,7.67,10,10,10,7.67,0.13,"Bluish-Green",1200,"good"
"Colombia","2015","Caturra","Natural / Dry",7.58,7.67,7.58,7.67,7.58,7.67,10,10,10,7.67,0.12,"Green",442,"good"
"Tanzania, United Republic Of","2014","Bourbon","Washed / Wet",7.75,7.67,7.58,7.67,7.58,7.58,10,10,10,7.58,0.13,"Green",1600,"good"
"Colombia","2015","Caturra","Washed / Wet",7.58,7.58,7.25,7.75,7.75,8.58,9.33,10,10,7.58,0.12,"Green",1813,"good"
"Guatemala","2013","Bourbon","Natural / Dry",7.75,7.83,7.33,7.83,7.5,7.67,10,10,10,7.5,0.1,"Green",1219.2,"good"
"Guatemala","2014","Caturra","Washed / Wet",7.67,7.75,7.5,7.83,7.58,7.5,10,10,10,7.58,0.1,"Green",1500,"good"
"Guatemala","2013","Bourbon","Washed / Wet",7.67,7.5,7.75,7.42,7.75,7.75,10,10,10,7.58,0.11,"Green",1310.64,"good"
"Colombia","2012","Caturra","Washed / Wet",7.5,7.75,7.58,7.5,7.67,7.75,10,10,10,7.67,0.11,"Green",1450,"good"
"Brazil","2016","Catuai","Semi-washed / Semi-pulped",7.5,7.83,7.33,7.58,7.58,7.92,10,10,10,7.58,0.1,"Green",1227,"good"
"Mexico","2014","Caturra","Washed / Wet",7.75,7.75,7.5,7.67,7.5,7.58,10,10,10,7.58,0.12,"Green",1200,"good"
"Colombia","2015","Caturra","Washed / Wet",7.67,7.75,7.42,7.83,7.83,7.42,10,10,10,7.42,0.11,"Green",1650,"good"
"Tanzania, United Republic Of","2014","Other","Semi-washed / Semi-pulped",7.75,7.58,7.67,7.58,7.58,7.58,10,10,10,7.58,0.12,"Green",1700,"good"
"Mexico","2013","Other","Washed / Wet",7.67,7.67,7.58,7.67,7.5,7.58,10,10,10,7.67,0.12,"Green",1100,"good"
"Costa Rica","2014","Caturra","Washed / Wet",7.67,7.67,7.42,7.67,7.67,7.67,10,10,10,7.58,0.12,"Green",1300,"good"
"Costa Rica","2013","Catuai","Washed / Wet",7.5,7.67,7.67,7.5,7.83,7.17,10,10,10,8,0.11,"Green",1200,"good"
"Haiti","2012","Typica","Washed / Wet",7.58,7.5,7.67,7.5,7.83,7.42,10,10,10,7.83,0.11,"Green",1280.16,"good"
"Colombia","2013","Caturra","Natural / Dry",7.67,7.67,7.5,7.67,7.92,7.42,10,10,10,7.5,0.11,"Green",1000,"good"
"Guatemala","2013","Bourbon","Washed / Wet",7.83,7.67,7.17,7.67,7.67,7.67,10,10,10,7.67,0.11,"Green",1310.64,"good"
"Colombia","2012","Caturra","Washed / Wet",7.5,7.67,7.67,7.58,7.67,7.58,10,10,10,7.67,0,"Green",1750,"good"
"Mexico","2017","Typica","Washed / Wet",7.67,7.83,7.42,7.83,7.33,7.5,10,10,10,7.67,0.11,"Blue-Green",1600,"good"
"Costa Rica","2016","Catuai","Pulped natural / honey",7.5,7.5,7.83,7.5,7.67,7.67,10,10,10,7.58,0.11,"Green",1900,"good"
"Guatemala","2016","Other","Washed / Wet",7.5,7.58,7.42,7.83,7.67,7.58,10,10,10,7.67,0.11,"Green",2100,"good"
"Colombia","2016","Caturra","Natural / Dry",7.58,7.67,7.67,7.17,7.75,7.83,10,10,10,7.58,0,"Green",442,"good"
"Mexico","2015","Typica","Natural / Dry",7.83,7.75,7.5,7.58,7.58,7.58,10,10,10,7.42,0.12,"Bluish-Green",1261,"good"
"Taiwan","2015","Bourbon","Washed / Wet",7.67,7.5,7.5,7.5,7.67,7.83,10,10,10,7.58,0.1,"Blue-Green",1000,"good"
"Taiwan","2014","Typica","Washed / Wet",7.92,7.83,7.75,7.58,7.5,7.33,10,10,10,7.33,0.1,"Green",800,"good"
"Colombia","2014","Caturra","Natural / Dry",7.58,7.58,7.5,7.58,7.58,7.75,10,10,10,7.67,0,"Green",1483,"good"
"Guatemala","2014","Caturra","Washed / Wet",7.5,7.67,7.58,7.67,7.67,7.5,10,10,10,7.67,0.1,"Green",1500,"good"
"Colombia","2013","Caturra","Washed / Wet",7.83,7.5,7.67,7.33,7.67,7.67,10,10,10,7.58,0.11,"Green",1750,"good"
"Mexico","2013","Bourbon","Washed / Wet",7.58,7.75,7.5,7.5,7.58,7.58,10,10,10,7.75,0.12,"Green",1300,"good"
"Mexico","2012","Caturra","Washed / Wet",7.75,7.75,7.42,7.92,7.33,7.5,10,10,10,7.58,0.12,"Blue-Green",1000,"good"
"Guatemala","2012","Bourbon","Washed / Wet",7.83,7.58,7.08,7.83,7.42,8.08,10,10,10,7.42,0.11,"Green",1310.64,"good"
"Brazil","2012","Other","Semi-washed / Semi-pulped",7.75,7.67,7.5,7.58,7.58,7.58,10,10,10,7.58,0.11,"Blue-Green",1200,"good"
"Colombia","2012","Caturra","Washed / Wet",7.67,7.58,7.58,7.42,7.83,7.58,10,10,10,7.58,0.12,"Green",175,"good"
"Colombia","2012","Caturra","Washed / Wet",7.67,7.67,7.5,7.5,7.58,7.67,10,10,10,7.67,0.11,"Green",1775,"good"
"Brazil","2018","Bourbon","Natural / Dry",7.67,7.42,7.5,7.58,7.67,7.58,10,10,10,7.75,0.11,"Green",890,"good"
"Guatemala","2017","Bourbon","Washed / Wet",7.58,7.58,7.33,7.67,7.75,7.58,10,10,10,7.67,0.1,"Green",1901,"good"
"Tanzania, United Republic Of","2016","Bourbon","Washed / Wet",7.67,7.58,7.42,7.67,7.67,7.58,10,10,10,7.58,0.12,"Green",168,"good"
"Vietnam","2017","Other","Natural / Dry",7.58,7.42,7.08,7.33,7.58,8.58,10,10,10,7.58,0.07,"None",1550,"good"
"Guatemala","2016","Caturra","Washed / Wet",7.67,7.75,7.42,7.75,7.58,7.5,10,10,10,7.5,0.11,"Green",1500,"good"
"Honduras","2016","Catuai","Washed / Wet",7.67,7.67,7.5,7.67,7.5,7.67,10,10,10,7.5,0.11,"Blue-Green",1450,"good"
"China","2015","Other","Washed / Wet",7.5,7.67,7.33,7.67,7.67,7.67,10,10,10,7.67,0.11,"Green",1200,"good"
"China","2015","Other","Washed / Wet",7.67,7.67,7.5,7.67,7.42,7.58,10,10,10,7.67,0.1,"Green",1600,"good"
"El Salvador","2016","Bourbon","Washed / Wet",7.5,7.5,7.33,7.67,8,7.67,10,10,10,7.5,0,"Green",1350,"good"
"Guatemala","2015","Bourbon","Washed / Wet",7.5,7.75,7.5,7.83,7.58,7.5,10,10,10,7.5,0.11,"Green",1500,"good"
"Guatemala","2015","Bourbon","Washed / Wet",7.92,7.67,7.42,7.75,7.5,7.5,10,10,10,7.42,0.12,"Green",1650,"good"
"Kenya","2014","Other","Washed / Wet",7.83,7.75,7.67,7.75,7.83,8.5,9.33,9.33,9.33,7.83,0.1,"Bluish-Green",250.5,"good"
"Tanzania, United Republic Of","2014","Other","Washed / Wet",7.58,7.67,7.67,7.58,7.42,7.58,10,10,10,7.67,0.13,"Bluish-Green",1653,"good"
"Uganda","2014","Other","Washed / Wet",8,7.67,7.5,7.42,7.33,7.58,10,10,10,7.67,0.1,"Bluish-Green",1800,"good"
"Honduras","2013","Catuai","Natural / Dry",7.5,7.5,7.5,7.67,7.67,7.67,10,10,10,7.67,0.1,"Green",1450,"good"
"Honduras","2015","Caturra","Natural / Dry",7.67,7.67,7.5,7.67,7.5,7.67,10,10,10,7.5,0.11,"Green",1350,"good"
"Guatemala","2014","Catuai","Washed / Wet",7.33,7.83,7.17,8.17,7.33,7.67,10,10,10,7.67,0.09,"Green",1524,"good"
"Tanzania, United Republic Of","2014","Bourbon","Washed / Wet",7.58,7.5,7.58,7.75,7.58,7.58,10,10,10,7.58,0.12,"Green",1800,"good"
"Guatemala","2013","Bourbon","Washed / Wet",7.67,7.83,7.33,7.67,7.5,7.67,10,10,10,7.5,0.11,"Green",1310.64,"good"
"Mexico","2013","Typica","Washed / Wet",7.75,7.58,7.58,7.58,7.5,7.42,10,10,10,7.75,0.11,"Green",1500,"good"
"Mexico","2012","Typica","Washed / Wet",7.75,7.67,7.58,7.5,7.42,7.58,10,10,10,7.67,0.12,"None",532,"good"
"Mexico","2012","Other","Washed / Wet",7.58,7.75,7.42,7.67,7.5,7.58,10,10,10,7.67,0.14,"None",1089,"good"
"Colombia","2012","Caturra","Washed / Wet",7.67,7.5,7.5,7.5,7.58,8.17,10,10,10,7.25,0.11,"Green",1775,"good"
"Mexico","2012","Typica","Washed / Wet",7.75,7.5,7.42,7.75,7.58,7.58,10,10,10,7.58,0.13,"Green",700,"good"
"Colombia","2012","Caturra","Washed / Wet",7.58,7.67,7.5,7.58,7.67,7.67,10,10,10,7.5,0.11,"Blue-Green",1750,"good"
"Brazil","2012","Other","Natural / Dry",7.75,7.67,7.58,7.5,7.58,7.58,10,10,10,7.5,0.12,"Green",1000,"good"
"Brazil","2012","Other","Natural / Dry",7.92,7.58,7.5,7.58,7.42,7.5,10,10,10,7.67,0.11,"Green",950,"good"
"Guatemala","2012","Bourbon","Washed / Wet",7.75,7.5,7.67,7.5,7.92,8,10,10,9.33,7.5,0,"Green",1402.08,"good"
"Brazil","2011","Other","Semi-washed / Semi-pulped",7.75,7.5,7.58,7.5,7.75,7.5,10,10,10,7.58,0.12,"Blue-Green",1000,"good"
"Colombia","2016","Caturra","Washed / Wet",7.58,7.67,7.33,7.67,7.75,7.58,10,10,10,7.5,0,"Green",1799,"good"
"Brazil","2015","Other","Pulped natural / honey",7.58,7.58,7.58,7.5,7.67,7.58,10,10,10,7.58,0.11,"Bluish-Green",905,"good"
"Brazil","2016","Other","Natural / Dry",7.33,7.67,7.67,7.33,7.75,7.42,10,10,10,7.92,0,"Green",1,"good"
"Taiwan","2015","Typica","Natural / Dry",7.83,7.92,7.5,7.83,7.67,7.25,9.33,10,10,7.75,0,"Green",750,"good"
"Brazil","2015","Bourbon","Washed / Wet",7.58,7.83,7.67,7.42,7.42,7.5,10,10,10,7.67,0,"Green",1200,"good"
"Costa Rica","2014","Catuai","Washed / Wet",7.83,7.33,7.5,7.67,7.58,7.67,10,10,10,7.5,0.1,"Green",1300,"good"
"Brazil","2018","Bourbon","Natural / Dry",7.58,7.5,7.5,7.75,7.67,7.5,10,10,10,7.5,0,"Green",890,"good"
"Brazil","2016","Bourbon","Natural / Dry",7.5,7.58,7.58,7.67,7.58,7.5,10,10,10,7.58,0.11,"Green",894,"good"
"Brazil","2016","Bourbon","Natural / Dry",7.5,7.67,7.58,7.67,7.58,7.42,10,10,10,7.58,0.11,"Bluish-Green",872,"good"
"Uganda","2015","Bourbon","Washed / Wet",7.67,7.58,7.42,7.42,7.83,7.5,10,10,10,7.58,0.12,"Green",1473,"good"
"Uganda","2015","Bourbon","Natural / Dry",7.67,7.67,7.5,7.58,7.42,7.5,10,10,10,7.67,0.12,"Green",1645,"good"
"Vietnam","2014","Caturra","Other",7.75,7.67,7.58,7.58,7.42,7.67,9.33,10,10,8,0,"Green",1550,"good"
"Guatemala","2015","Catuai","Washed / Wet",7.67,7.75,7.33,7.92,7.42,7.5,10,10,10,7.42,0.11,"Green",1550,"good"
"Guatemala","2015","Catuai","Washed / Wet",7.75,7.67,7.33,7.75,7.5,7.42,10,10,10,7.58,0.11,"Green",1371.6,"good"
"Guatemala","2015","Bourbon","Washed / Wet",7.83,7.67,7.25,7.67,7.75,7.5,10,10,10,7.33,0.11,"Green",1500,"good"
"Brazil","2014","Catuai","Natural / Dry",7.67,7.67,7.67,7.5,7.42,7.5,10,10,10,7.58,0,"Green",1000,"good"
"Taiwan","2014","Typica","Washed / Wet",7.92,7.92,7.83,7.58,7.33,7.25,10,10,10,7.17,0.08,"Green",1200,"good"
"Uganda","2013","Other","Washed / Wet",7.83,7.58,7.5,7.5,7.58,7.5,10,10,10,7.5,0.12,"Green",1800,"good"
"United States (Puerto Rico)","2013","Other","Washed / Wet",7.67,7.5,7.67,7.83,7.75,7.83,10,10,9.33,7.42,0,"Bluish-Green",853.44,"good"
"Guatemala","2014","Bourbon","Washed / Wet",7.67,7.67,7.42,7.83,7.5,7.5,10,10,10,7.42,0.1,"Green",1500,"good"
"Costa Rica","2013","Catuai","Washed / Wet",7.67,7.58,7.5,7.58,7.5,7.5,10,10,10,7.67,0.11,"Green",1200,"good"
"Brazil","2014","Other","Semi-washed / Semi-pulped",7.75,7.58,7.42,7.67,7.42,7.67,10,10,10,7.5,0.12,"Bluish-Green",1250,"good"
"Colombia","2013","Caturra","Washed / Wet",7.75,7.42,7.33,7.5,7.58,7.17,10,10,10,8.25,0.11,"Green",1775,"good"
"Colombia","2013","Caturra","Washed / Wet",7.83,7.5,7.58,7.33,7.5,7.67,10,10,10,7.58,0,"Green",1750,"good"
"Colombia","2013","Caturra","Natural / Dry",7.33,7.67,7.75,7.42,7.75,7.58,10,10,10,7.5,0.11,"Green",1000,"good"
"Colombia","2013","Caturra","Natural / Dry",7.58,7.75,7.42,7.67,7.58,7.42,10,10,10,7.58,0,"Green",1000,"good"
"Colombia","2012","Caturra","Washed / Wet",7.5,7.5,7.42,7.58,7.75,7.58,10,10,10,7.67,0.11,"Green",1775,"good"
"Mexico","2012","Typica","Washed / Wet",7.67,7.58,7.42,7.5,7.67,7.58,10,10,10,7.58,0.11,"Green",750,"good"
"Mexico","2012","Typica","Semi-washed / Semi-pulped",7.67,7.83,7.5,7.58,7.58,7.67,9.33,10,10,7.83,0.11,"Green",1200,"good"
"Mexico","2012","Bourbon","Washed / Wet",7.5,7.67,7.5,7.5,7.58,7.58,10,10,10,7.67,0.11,"Green",1200,"good"
"Colombia","2012","Caturra","Washed / Wet",7.75,7.58,7.5,7.67,7.83,7.75,9.33,10,10,7.58,0,"Green",1625,"good"
"Colombia","2012","Caturra","Washed / Wet",7.67,7.58,7.58,7.58,7.67,7.42,10,10,10,7.5,0.11,"Green",1750,"good"
"Guatemala","2012","Bourbon","Washed / Wet",7.5,7.67,7.5,7.67,7.5,7.83,10,10,10,7.33,0.1,"Green",1371.6,"good"
"Colombia","2011","Caturra","Washed / Wet",7.67,7.67,7.58,7.5,7.67,7.42,10,10,10,7.5,0.12,"Bluish-Green",1775,"good"
"Brazil","2018","Bourbon","Natural / Dry",7.67,7.58,7.5,7.58,7.58,7.5,10,10,10,7.5,0,"Green",890,"good"
"El Salvador","2017","Bourbon","Washed / Wet",7.5,7.5,7.75,7.58,7.92,7.83,10,10,9.33,7.5,0,"Green",1350,"good"
"Colombia","2017","Caturra","Washed / Wet",7.58,7.67,7.5,7.33,7.67,7.58,10,10,10,7.58,0.11,"Green",1500,"good"
"Taiwan","2016","Caturra","Natural / Dry",7.17,7.83,7.25,7.67,7.67,7.58,10,10,10,7.75,0.09,"Green",350,"good"
"Ethiopia","2016","Other","Washed / Wet",7.58,7.58,7.5,7.5,7.58,7.58,10,10,10,7.58,0,"Bluish-Green",2000,"good"
"Taiwan","2014","Typica","Natural / Dry",7.5,7.58,7.67,7.33,7.5,7.75,10,10,10,7.58,0,"Green",775,"good"
"Philippines","2015","Other","Washed / Wet",7.58,7.58,7.67,7.58,7.5,7.5,10,10,10,7.5,0.11,"Blue-Green",1200,"good"
"Philippines","2014","Other","Washed / Wet",8.08,7.5,7.67,7.42,7.33,7.5,10,10,10,7.42,0,"Bluish-Green",1600,"good"
"Mexico","2015","Typica","Natural / Dry",7.83,7.67,7.25,7.58,7.5,7.5,10,10,10,7.58,0.13,"Blue-Green",1059,"good"
"Mexico","2015","Bourbon","Washed / Wet",7.75,7.67,7.42,7.42,7.75,7.5,10,10,10,7.42,0.12,"Bluish-Green",1300,"good"
"Uganda","2013","Other","Washed / Wet",8,7.5,7.5,7.58,7.33,7.42,10,10,10,7.58,0.12,"Green",1650,"good"
"Uganda","2013","Other","Washed / Wet",7.75,7.58,7.58,7.5,7.5,7.5,10,10,10,7.5,0.12,"Green",1400,"good"
"Guatemala","2014","Bourbon","Washed / Wet",7.75,7.5,7.42,7.58,7.67,7.5,10,10,10,7.5,0.1,"Green",1500,"good"
"Guatemala","2014","Caturra","Natural / Dry",7.67,7.83,7.42,7.5,7.33,7.5,10,10,10,7.67,0.1,"Green",1500,"good"
"Colombia","2013","Caturra","Washed / Wet",7.58,7.5,7.75,7.33,7.58,7.58,10,10,10,7.58,0.11,"Green",1900,"good"
"Colombia","2013","Caturra","Natural / Dry",7.75,7.5,7.25,7.5,7.75,7.5,10,10,10,7.67,0,"Bluish-Green",1750,"good"
"Guatemala","2013","Bourbon","Washed / Wet",7.83,7.75,7.25,7.92,7.5,7.17,10,10,10,7.5,0.11,"Green",1706.88,"good"
"Colombia","2013","Other","Washed / Wet",7.83,7.67,7.42,7.42,7.5,7.58,10,10,10,7.5,0.11,"Green",1450,"good"
"Mexico","2012","Typica","Natural / Dry",7.58,7.58,7.33,7.25,7.58,7.75,10,10,10,7.83,0.1,"Green",1248,"good"
"Vietnam","2012","Other","Natural / Dry",7.67,7.33,7.17,7.58,8.08,7.42,10,10,10,7.67,0,"None",1040,"good"
"Mexico","2012","Typica","Washed / Wet",8,7.92,7.67,7.17,7.67,7.42,9.33,10,10,7.75,0.14,"Green",1400,"good"
"Kenya","2017","Other","Washed / Wet",7.75,7.58,7.42,7.58,7.5,7.5,10,10,10,7.5,0.1,"Green",1754,"good"
"Guatemala","2017","Bourbon","Washed / Wet",7.5,7.58,7.33,7.67,7.58,7.58,10,10,10,7.58,0.11,"Green",1700,"good"
"Brazil","2015","Other","Pulped natural / honey",7.67,7.58,7.58,7.5,7.5,7.42,10,10,10,7.58,0.11,"Bluish-Green",905,"good"
"El Salvador","2016","Other","Washed / Wet",7.33,7.67,7.67,7.83,7.33,7.67,10,10,10,7.33,0,"Green",1250,"good"
"Rwanda","2015","Bourbon","Washed / Wet",7.83,7.92,7.75,7.83,7.75,7.75,9.33,9.33,9.33,8,0.11,"Bluish-Green",1900,"good"
"Vietnam","2014","Other","Other",7.25,7.58,7.5,7.42,7.75,7.42,10,10,10,7.92,0.11,"Green",1040,"good"
"Guatemala","2015","Bourbon","Washed / Wet",7.58,7.58,7.33,7.67,7.67,7.5,10,10,10,7.5,0.11,"Green",1219.2,"good"
"Brazil","2015","Catuai","Natural / Dry",7.58,7.83,7.33,7.67,7.42,7.33,10,10,10,7.67,0.12,"Green",900,"good"
"Guatemala","2014","Bourbon","Washed / Wet",7.67,7.67,7.75,7.67,7.42,7.17,10,10,10,7.5,0.1,"Green",1500,"good"
"Colombia","2013","Typica","Natural / Dry",7.5,7.42,7.58,7.5,7.58,7.58,10,10,10,7.67,0,"Green",1800,"good"
"Colombia","2013","Caturra","Washed / Wet",7.83,7.5,7.5,7.42,7.5,7.5,10,10,10,7.58,0.11,"Green",1775,"good"
"Tanzania, United Republic Of","2012","Other","Washed / Wet",7.67,7.5,7.33,7.25,7.58,7.75,10,10,10,7.75,0.11,"Green",1400,"good"
"Mexico","2012","Caturra","Washed / Wet",7.58,7.67,7.5,7.58,7.5,7.5,10,10,10,7.5,0.12,"Green",1550,"good"
"Mexico","2012","Bourbon","Washed / Wet",7.67,7.58,7.42,7.75,7.42,7.42,10,10,10,7.58,0.12,"Blue-Green",1250,"good"
"Guatemala","2012","Bourbon","Washed / Wet",7.67,7.67,7.33,7.5,7.33,7.92,10,10,10,7.42,0.11,"Green",1310.64,"good"
"Guatemala","2017","Caturra","Washed / Wet",7.58,7.67,7.5,7.58,7.5,7.42,10,10,10,7.5,0.11,"Green",1800,"good"
"Guatemala","2017","Bourbon","Washed / Wet",7.5,7.67,7.17,7.67,7.67,7.58,10,10,10,7.5,0.11,"Green",1700,"good"
"Guatemala","2017","Bourbon","Washed / Wet",7.5,7.5,7.42,7.58,7.67,7.5,10,10,10,7.58,0.1,"Green",1219.2,"good"
"Guatemala","2017","Bourbon","Washed / Wet",7.42,7.58,7.42,7.67,7.5,7.5,10,10,10,7.67,0.1,"Green",1219.2,"good"
"Indonesia","2017","Other","Other",7.5,7.58,7.42,7.58,7.58,7.5,10,10,10,7.58,0.12,"Blue-Green",1500,"good"
"Guatemala","2017","Bourbon","Washed / Wet",7.58,7.58,7.33,7.58,7.33,7.67,10,10,10,7.67,0.12,"Green",157.8864,"good"
"Taiwan","2016","Other","Natural / Dry",7.83,7.67,7.33,7.67,7.58,7.67,9.33,10,10,7.67,0,"Green",650,"good"
"Costa Rica","2016","Caturra","Washed / Wet",7.58,7.5,7.42,7.67,7.42,7.5,10,10,10,7.67,0.09,"Bluish-Green",1850,"good"
"Honduras","2017","Caturra","Natural / Dry",7.58,7.5,7.42,7.58,7.5,7.5,10,10,10,7.67,0.09,"Green",1400,"good"
"Brazil","2015","Other","Pulped natural / honey",7.5,7.5,7.58,7.5,7.58,7.58,10,10,10,7.5,0.11,"Bluish-Green",905,"good"
"China","2015","Other","Natural / Dry",7.67,7.5,7.33,7.33,7.67,7.67,10,10,10,7.58,0.1,"Green",1100,"good"
"China","2015","Other","Washed / Wet",7.5,7.67,7.42,7.67,7.5,7.5,10,10,10,7.5,0.11,"Green",1500,"good"
"Colombia","2014","Caturra","Washed / Wet",7.5,7.58,7.58,7.75,7.33,7.5,10,10,10,7.5,0,"Blue-Green",1775,"good"
"Malawi","2014","Other","Washed / Wet",7.75,7.58,7.42,7.5,7.33,7.5,10,10,10,7.67,0.12,"Bluish-Green",1442,"good"
"Guatemala","2014","Other","Washed / Wet",7.75,7.42,7.25,7.75,7.5,7.67,10,10,10,7.42,0.13,"Green",1524,"good"
"Colombia","2014","Typica","Washed / Wet",7.67,7.42,7.42,7.58,7.33,7.67,10,10,10,7.67,0.12,"Green",165,"good"
"Colombia","2013","Caturra","Washed / Wet",7.58,7.33,7.17,7.33,7.25,8.58,10,10,10,7.5,0.1,"Green",1300,"good"
"Mexico","2013","Typica","Washed / Wet",7.58,7.58,7.5,7.5,7.5,7.5,10,10,10,7.58,0.12,"Green",1550,"good"
"Colombia","2012","Caturra","Washed / Wet",7.5,7.58,7.42,7.67,7.5,7.58,10,10,10,7.5,0,"Blue-Green",1625,"good"
"Colombia","2012","Caturra","Washed / Wet",7.67,7.58,7.58,7.58,7.5,7.42,10,10,10,7.42,0.11,"Green",1775,"good"
"Panama","2012","Catuai","Washed / Wet",7.42,7.42,7.5,7.58,7.5,7.75,10,10,10,7.58,0,"Green",1100,"good"
"Brazil","2018","Bourbon","Natural / Dry",7.5,7.58,7.25,7.75,7.58,7.5,10,10,10,7.5,0,"Green",890,"good"
"Brazil","2016","Bourbon","Natural / Dry",7.5,7.58,7.5,7.67,7.5,7.42,10,10,10,7.5,0.11,"Bluish-Green",934,"good"
"Laos","2015","Other","Washed / Wet",7.67,7.67,7.42,7.42,7.42,7.5,10,10,10,7.58,0.13,"Bluish-Green",1300,"good"
"El Salvador","2016","Other","Washed / Wet",7.67,7.67,7.67,7.67,7.5,7.67,10,10,9.33,7.5,0,"Green",1200,"good"
"Brazil","2016","Other","Natural / Dry",7.58,7.5,7.42,7.67,7.5,7.5,10,10,10,7.5,0,"Green",1,"good"
"Tanzania, United Republic Of","2014","Other","Washed / Wet",7.5,7.5,7.5,7.5,7.5,7.58,10,10,10,7.58,0.12,"Green",1700,"good"
"Tanzania, United Republic Of","2014","Bourbon","Washed / Wet",7.58,7.5,7.5,7.58,7.33,7.58,10,10,10,7.58,0.12,"Green",1550,"good"
"Taiwan","2014","Typica","Washed / Wet",8,7.83,7.83,7.42,7.25,7.25,10,10,10,7.08,0.08,"Green",1200,"good"
"Mexico","2014","Typica","Natural / Dry",7.67,7.58,7.42,7.5,7.42,7.5,10,10,10,7.58,0.11,"Green",1296,"good"
"Uganda","2013","Other","Washed / Wet",7.67,7.5,7.33,7.67,7.5,7.5,10,10,10,7.5,0.12,"Green",1650,"good"
"Taiwan","2014","Typica","Washed / Wet",7.67,7.5,7.5,7.5,7.5,7.5,10,10,10,7.5,0.11,"Green",1240,"good"
"Thailand","2013","Caturra","Washed / Wet",7.42,7.5,7.5,7.67,7.58,7.5,10,10,10,7.5,0.11,"Bluish-Green",1500,"good"
"Colombia","2012","Caturra","Washed / Wet",7.75,7.58,7.67,7.25,7.58,7.42,10,10,10,7.42,0.11,"Bluish-Green",1800,"good"
"Guatemala","2012","Caturra","Washed / Wet",7.67,7.67,7.17,7.67,7.5,7.5,10,10,10,7.5,0.11,"Green",1500,"good"
"Guatemala","2017","Bourbon","Washed / Wet",7.5,7.42,7.42,7.75,7.5,7.5,10,10,10,7.5,0.1,"Green",1219.2,"good"
"Taiwan","2016","Typica","Pulped natural / honey",7.67,7.42,7.5,7.42,7.58,7.5,10,10,10,7.5,0.11,"Green",1050,"good"
"Indonesia","2015","Typica","Semi-washed / Semi-pulped",7.83,7.58,7.42,7.33,7.42,7.5,10,10,10,7.5,0.13,"Blue-Green",1250,"good"
"Thailand","2014","Caturra","Washed / Wet",7.42,7.58,7.58,7.42,7.58,7.5,10,10,10,7.5,0.12,"Blue-Green",1450,"good"
"Uganda","2013","Other","Natural / Dry",7.83,7.5,7.42,7.58,7.42,7.42,10,10,10,7.42,0.12,"Green",1650,"good"
"Costa Rica","2013","Catuai","Washed / Wet",7.67,7.42,7.5,7.67,7,7.75,10,10,10,7.58,0.11,"Green",1300,"good"
"Colombia","2013","Caturra","Washed / Wet",7.75,7.25,7.33,7.42,7.5,7.83,10,10,10,7.5,0.11,"Blue-Green",1750,"good"
"Colombia","2013","Caturra","Washed / Wet",7.58,7.5,7.42,7.58,7.67,7.42,10,10,10,7.42,0.11,"Green",1750,"good"
"Mexico","2012","Typica","Washed / Wet",7.5,7.58,7.5,7.5,7.42,7.5,10,10,10,7.58,0.1,"Green",1250,"good"
"Mexico","2012","Typica","Washed / Wet",7.67,7.58,7.58,7.75,7.67,6.83,10,10,10,7.5,0.12,"Green",1150,"good"
"Colombia","2012","Caturra","Washed / Wet",7.33,7.42,7.58,7.42,7.67,7.5,10,10,10,7.67,0.11,"Green",1775,"good"
"Brazil","2018","Bourbon","Natural / Dry",7.5,7.5,7.5,7.5,7.58,7.5,10,10,10,7.42,0.11,"Green",890,"good"
"Indonesia","2017","Other","Washed / Wet",7.83,7.75,7.25,7.5,7.42,7.33,10,10,10,7.42,0.11,"Green",1250,"good"
"Honduras","2017","Caturra","Washed / Wet",7.58,7.58,7.33,7.5,7.5,7.5,10,10,10,7.5,0.1,"Green",1400,"good"
"Guatemala","2016","Bourbon","Washed / Wet",7.5,7.5,7.33,7.5,7.67,7.5,10,10,10,7.5,0.1,"Green",1219.2,"good"
"Tanzania, United Republic Of","2014","Other","Washed / Wet",7.67,7.42,7.33,7.58,7.5,7.5,10,10,10,7.5,0.12,"Green",1600,"good"
"Mexico","2013","Other","Washed / Wet",7.42,7.58,7.5,7.67,7.25,7.5,10,10,10,7.58,0,"Green",1600,"good"
"Brazil","2014","Other","Semi-washed / Semi-pulped",7.42,7.5,7.67,7.33,7.42,7.67,10,10,10,7.5,0.11,"Bluish-Green",1260,"good"
"Guatemala","2013","Bourbon","Washed / Wet",7.83,7.42,7.33,7.67,7.42,7.5,10,10,10,7.33,0.12,"Green",1310.64,"good"
"Colombia","2013","Caturra","Washed / Wet",7.5,7.5,7.42,7.42,7.58,7.58,10,10,10,7.5,0.11,"Green",1750,"good"
"Guatemala","2013","Bourbon","Washed / Wet",7.83,7.67,7.17,7.33,7.5,7.67,10,10,10,7.33,0.11,"Green",1310.64,"good"
"Mexico","2012","Typica","Washed / Wet",7.5,7.58,7.5,7.5,7.42,7.42,10,10,10,7.58,0.13,"None",1679,"good"
"Mexico","2012","Typica","Washed / Wet",7.67,7.5,7.33,7.67,7.5,7.33,10,10,10,7.5,0.12,"Green",1100,"good"
"Brazil","2012","Bourbon","Semi-washed / Semi-pulped",7.67,7.42,7.33,7.67,7.5,7.5,10,10,10,7.42,0,"Blue-Green",1250,"good"
"Colombia","2012","Caturra","Washed / Wet",7.67,7.5,7.33,7.5,7.25,7.67,10,10,10,7.58,0.11,"Green",1775,"good"
"Honduras","2017","Other","Washed / Wet",7.42,7.67,7.17,7.58,7.58,7.5,10,10,10,7.5,0.12,"Green",1500,"bad"
"Guatemala","2017","Bourbon","Washed / Wet",7.58,7.5,7.33,7.75,7.33,7.5,10,10,10,7.42,0.1,"Green",1700,"bad"
"Guatemala","2016","Bourbon","Washed / Wet",7.67,7.58,7.25,7.67,7.42,7.33,10,10,10,7.5,0.12,"Green",1700,"bad"
"Guatemala","2017","Bourbon","Washed / Wet",7.58,7.5,7.25,7.67,7.5,7.5,10,10,10,7.42,0.12,"Green",157.8864,"bad"
"Colombia","2016","Caturra","Washed / Wet",5.08,7.75,7.83,7.75,7.83,8.08,10,10,10,8.08,0.11,"Green",1600,"bad"
"China","2015","Other","Washed / Wet",7.67,7.42,7.42,7.5,7.42,7.42,10,10,10,7.58,0.1,"Green",1600,"bad"
"Tanzania, United Republic Of","2016","Other","Washed / Wet",7.67,7.25,7.42,7.42,7.67,7.42,10,10,10,7.58,0.13,"Green",2285,"bad"
"Brazil","2016","Other","Natural / Dry",7.17,7.83,7.33,7.5,7.75,7.42,10,10,10,7.42,0,"Green",1,"bad"
"Guatemala","2013","Caturra","Washed / Wet",7.5,7.5,7.5,7.67,7.42,7.5,10,10,10,7.33,0.1,"Green",1400,"bad"
"Mexico","2014","Typica","Washed / Wet",7.42,7.5,7.42,7.58,7.42,7.5,10,10,10,7.58,0.11,"Green",1296,"bad"
"Brazil","2012","Catuai","Semi-washed / Semi-pulped",7.58,7.67,7.33,7.5,7.5,7.42,10,10,10,7.42,0.12,"Blue-Green",1000,"bad"
"Brazil","2014","Other","Natural / Dry",7.25,7.33,7.25,7.5,7.42,7.5,10,10,10,8.17,0,"Green",1260,"bad"
"Mexico","2013","Bourbon","Washed / Wet",7.5,7.58,7.5,7.92,7.42,7.67,9.33,10,10,7.5,0.12,"Green",1170,"bad"
"Colombia","2013","Caturra","Washed / Wet",7.67,7.42,7.33,7.5,7.58,7.5,10,10,10,7.42,0.11,"Green",1775,"bad"
"Mexico","2013","Typica","Washed / Wet",7.5,7.42,7.42,7.67,7.42,7.58,10,10,10,7.42,0.12,"Green",1560,"bad"
"Mexico","2012","Typica","Semi-washed / Semi-pulped",7.42,7.58,7.5,7.42,7.58,7.5,10,10,10,7.42,0.13,"Green",1400,"bad"
"Mexico","2012","Typica","Washed / Wet",7.42,7.58,7.33,7.58,7.5,7.5,10,10,10,7.5,0.14,"Green",1300,"bad"
"Mexico","2012","Caturra","Washed / Wet",7.75,7.33,7.25,7.58,7.58,7.33,10,10,10,7.58,0.13,"Green",1170,"bad"
"Mexico","2012","Typica","Washed / Wet",7.5,7.58,7.33,7.5,7.5,7.5,10,10,10,7.5,0.11,"Green",1300,"bad"
"Mexico","2012","Other","Washed / Wet",7.58,7.58,7.17,7.5,7.5,7.5,10,10,10,7.58,0.14,"Green",1350,"bad"
"Mexico","2012","Caturra","Washed / Wet",7.58,7.33,7.33,7.58,7.5,7.5,10,10,10,7.58,0.11,"Green",1150,"bad"
"Mexico","2012","Typica","Washed / Wet",7.83,7.5,7.42,7.67,7.17,7.33,10,10,10,7.5,0.12,"Bluish-Green",1450,"bad"
"Colombia","2011","Caturra","Washed / Wet",7.33,7.58,7.17,7.58,7.42,7.58,10,10,10,7.75,0,"Green",1750,"bad"
"Honduras","2017","Caturra","Washed / Wet",7.5,7.58,7.33,7.5,7.42,7.42,10,10,10,7.58,0.1,"Green",1396,"bad"
"Brazil","2016","Catuai","Natural / Dry",7.33,7.5,7.5,7.33,7.5,7.5,10,10,10,7.67,0.11,"Green",982,"bad"
"Brazil","2016","Bourbon","Natural / Dry",7.5,7.5,7.42,7.5,7.42,7.5,10,10,10,7.5,0.11,"Bluish-Green",934,"bad"
"Costa Rica","2015","Caturra","Washed / Wet",7.75,7.5,7.25,7.25,7.42,7.67,10,10,10,7.5,0.1,"Bluish-Green",1850,"bad"
"Costa Rica","2015","Catuai","Washed / Wet",7.75,7.33,7.5,7.5,7.33,7.58,10,10,10,7.33,0,"Green",1550,"bad"
"China","2015","Other","Pulped natural / honey",7.5,7.58,7.42,7.5,7.42,7.42,10,10,10,7.5,0.12,"Green",1580,"bad"
"Brazil","2016","Bourbon","Natural / Dry",8.25,7.83,7.25,8.33,8.17,8.08,10,6.67,10,7.75,0.07,"Green",1268,"bad"
"Guatemala","2015","Bourbon","Washed / Wet",7.5,7.42,7.17,7.83,7.5,7.5,10,10,10,7.42,0.1,"Green",1676.4,"bad"
"Malawi","2014","Other","Washed / Wet",7.33,7.58,7.42,7.58,7.33,7.5,10,10,10,7.58,0.12,"Green",1450,"bad"
"Brazil","2015","Bourbon","Natural / Dry",7.75,8.08,7.67,8.08,8.08,8,10,10,6.67,8,0.11,"Blue-Green",1100,"bad"
"Guatemala","2014","Other","Washed / Wet",7.58,7.67,7.5,7.58,7.75,7.5,9.33,10,10,7.42,0.12,"Green",1524,"bad"
"Colombia","2013","Caturra","Washed / Wet",7.42,7.33,7.5,7.17,7.08,8.33,10,10,10,7.5,0.1,"Green",1300,"bad"
"Taiwan","2014","Typica","Semi-washed / Semi-pulped",7.5,7.5,7.5,7.5,7.5,7.5,10,10,10,7.33,0.11,"Green",200,"bad"
"Taiwan","2014","Typica","Washed / Wet",7.5,7.5,7.5,7.5,7.5,7.5,10,10,10,7.33,0.11,"Green",600,"bad"
"Guatemala","2013","Bourbon","Washed / Wet",7.5,7.42,7.58,7.5,7.5,7.58,10,10,10,7.25,0.12,"Green",1310.64,"bad"
"Colombia","2013","Caturra","Washed / Wet",7.5,7.42,7.5,7.5,7.5,7.58,10,10,10,7.33,0,"Green",1750,"bad"
"Mexico","2013","Typica","Washed / Wet",7.67,7.5,7.42,7.5,7.42,7.42,10,10,10,7.42,0.12,"Green",1300,"bad"
"Guatemala","2012","Bourbon","Washed / Wet",7.67,7.5,7.33,7.67,7.5,7.33,10,10,10,7.33,0.11,"Green",1752.6,"bad"
"Mexico","2012","Typica","Natural / Dry",7.58,7.67,7.58,7.33,7,7.58,10,10,10,7.58,0.15,"None",441,"bad"
"Mexico","2012","Bourbon","Washed / Wet",7.67,7.58,7.5,7.58,7.5,7.5,10,10,10,7,0.13,"Green",1170,"bad"
"Guatemala","2012","Bourbon","Washed / Wet",7.5,7.67,7.33,7.5,7.33,7.5,10,10,10,7.5,0.1,"Green",1310.64,"bad"
"Brazil","2012","Other","Natural / Dry",7.58,7.5,7.42,7.5,7.5,7.42,10,10,10,7.42,0.12,"Green",1100,"bad"
"Mexico","2012","Typica","Washed / Wet",8,7.75,7.33,7.33,7.08,7.67,9.33,10,10,7.83,0.11,"Green",1300,"bad"
"Brazil","2012","Other","Washed / Wet",7.58,7.58,7.25,7.58,7.42,7.5,10,10,10,7.42,0.11,"Green",950,"bad"
"Colombia","2012","Caturra","Natural / Dry",7.83,7.58,7.33,7.25,7.58,7.42,10,10,10,7.33,0,"Green",442,"bad"
"Guatemala","2016","Other","Washed / Wet",7.67,7.5,7.25,7.67,7.42,7.42,10,10,10,7.33,0.11,"Green",1450,"bad"
"Brazil","2016","Other","Natural / Dry",7.42,7.67,7.5,7.08,7.5,7.42,10,10,10,7.67,0,"Green",1,"bad"
"El Salvador","2014","Bourbon","Washed / Wet",7.58,7.67,7.5,7.67,7.83,8.42,9.33,9.33,9.33,7.58,0.12,"Green",1500,"bad"
"Honduras","2015","Catuai","Washed / Wet",7.58,7.5,7.42,7.58,7.42,7.42,10,10,10,7.33,0.11,"Green",1350,"bad"
"Malawi","2014","Other","Washed / Wet",7.58,7.42,7.33,7.42,7.58,7.5,10,10,10,7.42,0.13,"Blue-Green",1180,"bad"
"Brazil","2015","Bourbon","Natural / Dry",7.75,7.58,7.42,7.42,7.33,7.33,10,10,10,7.42,0.11,"Green",1100,"bad"
"Taiwan","2014","Typica","Washed / Wet",7.5,7.5,7.5,7.5,7.5,7.5,10,10,10,7.25,0.11,"Green",650,"bad"
"Mexico","2013","Other","Washed / Wet",7.58,7.58,7.42,7.42,7.42,7.42,10,10,10,7.42,0.12,"Blue-Green",1338,"bad"
"Mexico","2012","Bourbon","Washed / Wet",7.58,7.58,7.5,7.17,7.42,7.42,10,10,10,7.58,0.16,"None",533,"bad"
"Guatemala","2012","Bourbon","Washed / Wet",7.5,7.5,7.33,7.58,7.67,7.33,10,10,10,7.33,0.11,"Green",1390.8024,"bad"
"Mexico","2012","Bourbon","Washed / Wet",7.5,7.58,7.42,7.67,7.33,7.42,10,10,10,7.33,0.13,"Green",1170,"bad"
"Mexico","2012","Typica","Washed / Wet",7.67,7.58,7.33,7.5,7.42,7.42,10,10,10,7.33,0.12,"Green",1250,"bad"
"Mexico","2012","Typica","Washed / Wet",7.33,7.58,7.42,7.67,7.33,7.5,10,10,10,7.42,0.11,"Green",1100,"bad"
"Mexico","2012","Typica","Washed / Wet",7.42,7.5,7.42,7.58,7.42,7.5,10,10,10,7.42,0.1,"Green",900,"bad"
"Colombia","2012","Caturra","Washed / Wet",7.5,7.42,7.67,7.33,7.58,7.33,10,10,10,7.42,0.12,"Green",1750,"bad"
"Colombia","2012","Caturra","Washed / Wet",7.67,7.33,7.33,7.33,7.5,7.5,10,10,10,7.58,0.11,"Green",1775,"bad"
"Brazil","2016","Bourbon","Natural / Dry",7.42,7.42,7.5,7.42,7.42,7.5,10,10,10,7.5,0.11,"Green",934,"bad"
"Honduras","2015","Caturra","Washed / Wet",7.5,7.5,7.17,7.42,7.5,7.5,10,10,10,7.58,0.11,"Bluish-Green",1500,"bad"
"Tanzania, United Republic Of","2015","Bourbon","Washed / Wet",7.58,7.42,7.42,7.33,7.5,7.42,10,10,10,7.5,0.13,"Green",1650,"bad"
"Tanzania, United Republic Of","2016","Other","Washed / Wet",7.42,7.42,7.42,7.5,7.5,7.33,10,10,10,7.58,0.12,"Green",1600,"bad"
"Brazil","2016","Other","Natural / Dry",6.92,7.58,7.42,7.33,7.83,7.5,10,10,10,7.58,0,"Green",1,"bad"
"Honduras","2015","Catuai","Washed / Wet",7.67,7.5,7.25,7.42,7.58,7.42,10,10,10,7.33,0.11,"Green",1350,"bad"
"Guatemala","2014","Bourbon","Washed / Wet",7.42,7.42,7.5,7.5,7.42,7.5,10,10,10,7.42,0.09,"Blue-Green",1500,"bad"
"Tanzania, United Republic Of","2014","Other","Washed / Wet",7.75,7.42,7.42,7.58,7.33,7.42,10,10,10,7.25,0.12,"Green",1700,"bad"
"Mexico","2013","Other","Washed / Wet",7.42,7.33,7.17,7.42,7.33,8.17,10,10,10,7.33,0.12,"Green",1100,"bad"
"Mexico","2013","Other","Washed / Wet",7.5,7.5,7.33,7.42,7.5,7.42,10,10,10,7.5,0.1,"None",1400,"bad"
"Taiwan","2014","Typica","Other",7.5,7.5,7.5,7.5,7.5,7.5,10,10,10,7.17,0.11,"Green",1200,"bad"
"Taiwan","2012","Typica","Washed / Wet",7.67,7.5,7.5,7.17,7.17,7.58,10,10,10,7.58,0,"Green",800,"bad"
"Colombia","2013","Caturra","Washed / Wet",7.33,7.25,7.25,7.58,7.75,7.5,10,10,10,7.5,0,"Bluish-Green",1750,"bad"
"Mexico","2012","Typica","Washed / Wet",7.5,7.67,7,7.5,7.33,7.5,10,10,10,7.67,0.15,"None",1144,"bad"
"Guatemala","2012","Caturra","Washed / Wet",7.25,7.75,7,7.75,8.17,7.75,10,10,9.33,7.17,0.12,"None",1350,"bad"
"Mexico","2012","Typica","Washed / Wet",7.5,7.58,7.25,7.5,7.5,7.33,10,10,10,7.5,0.12,"Green",1000,"bad"
"Mexico","2012","Typica","Washed / Wet",7,7.67,7.5,7.5,7.42,7.5,10,10,10,7.58,0.1,"Green",1200,"bad"
"Brazil","2016","Bourbon","Natural / Dry",7.42,7.58,7.42,7.5,7.42,7.25,10,10,10,7.5,0.11,"Green",894,"bad"
"Brazil","2016","Other","Natural / Dry",7.25,7.25,7.58,7.58,7.25,7.92,10,10,10,7.25,0,"Green",1,"bad"
"Costa Rica","2015","Caturra","Washed / Wet",7.75,7.42,7.42,7.25,7.17,7.42,10,10,10,7.67,0,"Blue-Green",1300,"bad"
"Tanzania, United Republic Of","2014","Bourbon","Washed / Wet",7.42,7.33,7.42,7.42,7.5,7.58,10,10,10,7.42,0.12,"Green",1500,"bad"
"Tanzania, United Republic Of","2014","Other","Washed / Wet",7.42,7.5,7.5,7.33,7.33,7.5,10,10,10,7.5,0.12,"Green",1600,"bad"
"Costa Rica","2013","Caturra","Washed / Wet",7.58,7.33,7.33,7.33,7.5,7.67,10,10,10,7.33,0.11,"Green",13,"bad"
"Mexico","2012","Typica","Washed / Wet",7.42,7.58,7.5,7.33,7.42,7.42,10,10,10,7.42,0.13,"Green",1300,"bad"
"Mexico","2012","Typica","Washed / Wet",7.5,7.42,7.42,7.5,7.25,7.5,10,10,10,7.5,0.13,"Green",1800,"bad"
"Mexico","2012","Typica","Washed / Wet",7.67,7.5,7.25,7.58,7.42,7.33,10,10,10,7.33,0.11,"Green",1250,"bad"
"Vietnam","2012","Other","Natural / Dry",7.67,8,7.17,7.08,7.67,7.08,10,10,10,7.42,0.12,"Green",1040,"bad"
"Mexico","2012","Typica","Washed / Wet",7.58,7.42,7.25,7.75,7.33,7.42,10,10,10,7.33,0.11,"Green",1250,"bad"
"Honduras","2017","Caturra","Washed / Wet",7.5,7.5,7.17,7.5,7.5,7.42,10,10,10,7.42,0.12,"Green",1600,"bad"
"Honduras","2016","Caturra","Natural / Dry",7.5,7.5,7.25,7.33,7.42,7.5,10,10,10,7.5,0.1,"Green",1600,"bad"
"Brazil","2016","Bourbon","Natural / Dry",7.5,7.33,7.42,7.5,7.33,7.42,10,10,10,7.5,0.11,"Green",944,"bad"
"Tanzania, United Republic Of","2015","Other","Washed / Wet",7.67,7.33,7.33,7.42,7.42,7.42,10,10,10,7.42,0.13,"Green",1650,"bad"
"Laos","2015","Other","Washed / Wet",7.42,7.5,7.25,7.33,7.5,7.5,10,10,10,7.5,0.12,"Blue-Green",1250,"bad"
"Tanzania, United Republic Of","2014","Other","Washed / Wet",7.42,7.42,7.33,7.58,7.33,7.42,10,10,10,7.5,0.12,"Green",1350,"bad"
"Malawi","2014","Other","Washed / Wet",7.5,7.42,7.33,7.58,7.33,7.5,10,10,10,7.33,0.13,"Bluish-Green",2500,"bad"
"Taiwan","2013","Typica","Washed / Wet",7.33,7.5,7.17,7.42,7.5,7.33,10,10,10,7.75,0.09,"Green",600,"bad"
"Costa Rica","2013","Catuai","Washed / Wet",7.5,7.25,7.33,7.33,7.75,7.5,10,10,10,7.33,0.1,"Green",1300,"bad"
"Honduras","2014","Caturra","Washed / Wet",7.33,7.33,7.33,7.5,7.5,7.83,10,10,10,7.17,0.11,"Green",1400,"bad"
"Colombia","2013","Caturra","Washed / Wet",7.33,7.33,7.58,7.5,7.5,7.58,10,10,10,7.17,0.11,"Green",1900,"bad"
"Taiwan","2012","Typica","Washed / Wet",7.42,7.58,7.33,7.42,8,7.5,9.33,10,10,7.42,0.12,"Bluish-Green",650,"bad"
"Brazil","2012","Other","Natural / Dry",7.33,7.67,7.42,7.17,7.33,7.42,10,10,10,7.67,0.11,"Blue-Green",1038.5,"bad"
"Mexico","2012","Typica","Washed / Wet",7.67,7.33,7.25,7.5,7.42,7.42,10,10,10,7.42,0.12,"Green",940,"bad"
"Brazil","2012","Other","Natural / Dry",7.42,7.5,7.33,7.5,7.33,7.5,10,10,10,7.42,0.12,"Green",1000,"bad"
"Brazil","2012","Catuai","Semi-washed / Semi-pulped",7.42,7.5,7.25,7.5,7.5,7.42,10,10,10,7.42,0.11,"Blue-Green",1050,"bad"
"Brazil","2012","Other","Semi-washed / Semi-pulped",7.58,7.5,7.17,7.5,7.5,7.42,10,10,10,7.33,0.12,"Green",950,"bad"
"Guatemala","2012","Bourbon","Washed / Wet",7.75,7.33,7.33,7.42,7.75,7.67,10,10,9.33,7.42,0,"Green",1402.08,"bad"
"Guatemala","2017","Bourbon","Washed / Wet",7.58,7.5,7.25,7.58,7.58,7.5,9.33,10,10,7.58,0.1,"Green",1901,"bad"
"Guatemala","2017","Bourbon","Washed / Wet",7.5,7.5,7.25,7.42,7.42,7.42,10,10,10,7.42,0.11,"Green",1219.2,"bad"
"Honduras","2017","Caturra","Washed / Wet",7.58,7.5,7.25,7.33,7.42,7.5,10,10,10,7.33,0.12,"Green",1400,"bad"
"Brazil","2017","Catuai","Natural / Dry",7.42,7.33,7.33,7.5,7.5,7.33,10,10,10,7.5,0.11,"Green",1020,"bad"
"El Salvador","2014","Bourbon","Washed / Wet",7.67,7.58,7.33,7.5,7.5,7.67,10,10,9.33,7.33,0.11,"Green",1250,"bad"
"Guatemala","2015","Catuai","Washed / Wet",7.58,7.58,7.17,7.83,7.17,7.33,10,10,10,7.25,0.11,"Green",1550,"bad"
"Tanzania, United Republic Of","2014","Other","Washed / Wet",7.33,7.33,7.33,7.42,7.5,7.58,10,10,10,7.42,0.12,"Green",1877,"bad"
"Taiwan","2012","Typica","Other",7.5,7.5,7.42,7.25,7.5,7.5,10,10,10,7.25,0.11,"Green",1000,"bad"
"Mexico","2013","Bourbon","Washed / Wet",7.58,7.5,7.25,7.58,7.5,7.25,10,10,10,7.25,0.12,"Green",1300,"bad"
"Mexico","2012","Typica","Semi-washed / Semi-pulped",7.5,7.5,7.25,7.25,7.5,7.5,10,10,10,7.42,0.13,"None",981,"bad"
"Mexico","2012","Other","Washed / Wet",7.5,7.42,7.25,7.5,7.33,7.33,10,10,10,7.58,0.14,"None",690,"bad"
"Mexico","2012","Other","Washed / Wet",7.33,7.58,7.17,7.58,7.42,7.33,10,10,10,7.5,0.12,"Green",1650,"bad"
"Mexico","2012","Bourbon","Washed / Wet",7.67,7.42,7.33,7.83,7.5,7.5,9.33,10,10,7.33,0.12,"Green",1000,"bad"
"Brazil","2012","Other","Natural / Dry",7.42,7.58,7.25,7.5,7.33,7.5,10,10,10,7.33,0.12,"Green",1100,"bad"
"Guatemala","2017","Bourbon","Washed / Wet",7.42,7.5,7.25,7.5,7.33,7.42,10,10,10,7.42,0.1,"Green",157.8864,"bad"
"Costa Rica","2016","Catuai","Pulped natural / honey",7.25,7.33,7.5,7.33,7.67,7.42,10,10,10,7.33,0,"Green",1900,"bad"
"Brazil","2016","Other","Natural / Dry",7.42,7.5,7.42,7.5,7.42,7.25,10,10,10,7.33,0.11,"Green",973,"bad"
"Indonesia","2015","Other","Other",7.75,7.83,7.58,7.75,7.92,7.83,10,10,10,5.17,0.11,"Green",1250,"bad"
"Guatemala","2015","Bourbon","Washed / Wet",7.58,7.5,7.33,7.42,7.58,7.25,10,10,10,7.17,0.1,"Green",3280,"bad"
"Brazil","2016","Other","Natural / Dry",7.17,7.58,6.83,7.5,7.75,7.25,10,10,10,7.75,0,"Green",1,"bad"
"Brazil","2016","Other","Natural / Dry",7.58,7,6.92,6.92,7.67,7.5,10,10,10,8.25,0,"Green",1,"bad"
"Myanmar","2015","Catuai","Washed / Wet",7.33,7.58,7.5,7.42,7.33,7.33,10,10,10,7.33,0,"Green",4001,"bad"
"Mexico","2015","Catuai","Washed / Wet",7.58,7.5,7.33,7.5,7.17,7.33,10,10,10,7.42,0.11,"Green",1425,"bad"
"Honduras","2015","Catuai","Washed / Wet",7.5,7.5,7.33,7.5,7.42,7.25,10,10,10,7.33,0.12,"Green",1400,"bad"
"Costa Rica","2015","Caturra","Washed / Wet",7.67,7.5,7.5,7.25,7.08,7.42,10,10,10,7.42,0.09,"Green",1300,"bad"
"Taiwan","2014","Typica","Washed / Wet",7.67,7.33,7.17,7.25,7.75,7.33,10,10,10,7.33,0,"Green",700,"bad"
"Indonesia","2014","Typica","Other",7.42,7.42,7.42,7.33,7.42,7.42,10,10,10,7.42,0.11,"None",1300,"bad"
"Malawi","2014","Other","Washed / Wet",7.58,7.42,7.33,7.33,7.33,7.42,10,10,10,7.42,0.13,"Green",1556,"bad"
"Brazil","2015","Bourbon","Natural / Dry",7.33,7.58,7.25,7.17,7.83,7.33,10,10,10,7.33,0.11,"Green",1100,"bad"
"Honduras","2014","Caturra","Natural / Dry",7.5,7.5,7.33,7.33,7.33,7.33,10,10,10,7.5,0.1,"Green",1350,"bad"
"Mexico","2014","Typica","Washed / Wet",7.42,7.42,7.25,7.5,7.33,7.42,10,10,10,7.5,0.11,"Green",1550,"bad"
"Colombia","2013","Caturra","Washed / Wet",7.5,7.5,7,7.42,7.5,7.58,10,10,10,7.33,0,"Bluish-Green",1775,"bad"
"Brazil","2012","Bourbon","Semi-washed / Semi-pulped",7.75,7.75,7.5,7.42,7.83,7.75,9.33,9.33,9.33,7.83,0.12,"Bluish-Green",1250,"bad"
"Guatemala","2013","Bourbon","Washed / Wet",7.83,7.67,7.33,7.33,7.67,7.83,9.33,10,9.33,7.5,0.11,"Green",1310.64,"bad"
"Mexico","2012","Bourbon","Washed / Wet",7.83,7.33,7.25,7.58,7.25,7.33,10,10,10,7.25,0.12,"Green",1500,"bad"
"Mexico","2012","Typica","Semi-washed / Semi-pulped",7.33,7.33,7.25,7.5,7.5,7.5,10,10,10,7.42,0.12,"Green",1250,"bad"
"Guatemala","2017","Bourbon","Washed / Wet",7.5,7.5,7.25,7.42,7.42,7.33,10,10,10,7.33,0.11,"Green",1700,"bad"
"Vietnam","2014","Caturra","Washed / Wet",7,7.08,7.33,7.5,7.5,7.33,10,10,10,8,0.12,"Bluish-Green",1040,"bad"
"Tanzania, United Republic Of","2014","Other","Washed / Wet",7.42,7.42,7.42,7.42,7.33,7.33,10,10,10,7.42,0.12,"Bluish-Green",1600,"bad"
"Mexico","2012","Bourbon","Washed / Wet",7.5,7.5,7.33,7.42,7.25,7.25,10,10,10,7.5,0.13,"None",774,"bad"
"Mexico","2012","Other","Washed / Wet",7.42,7.5,7.17,7.67,7.33,7.42,10,10,10,7.25,0.13,"Green",1250,"bad"
"Mexico","2012","Typica","Washed / Wet",7.42,7.5,7.33,7.58,7.33,7.33,10,10,10,7.25,0.11,"Green",1100,"bad"
"Mexico","2012","Caturra","Washed / Wet",7.33,7.42,7.33,7.67,7.42,7.25,10,10,10,7.33,0.12,"Green",1550,"bad"
"Colombia","2011","Caturra","Washed / Wet",7.33,7.42,7.33,7.33,7.5,7.67,10,10,10,7.17,0,"Green",1750,"bad"
"Brazil","2018","Bourbon","Natural / Dry",7.42,7.5,7.25,7.5,7.5,7.25,10,10,10,7.25,0.11,"Green",890,"bad"
"Guatemala","2017","Bourbon","Washed / Wet",7.42,7.42,7.08,7.42,7.33,7.42,10,10,10,7.58,0.1,"Green",1700,"bad"
"Guatemala","2017","Bourbon","Washed / Wet",7.42,7.33,7.17,7.67,7.33,7.42,10,10,10,7.33,0.12,"Green",1219.2,"bad"
"Honduras","2016","Catuai","Washed / Wet",7.58,7.5,7.33,7.33,7.42,7.25,10,10,10,7.25,0.11,"Blue-Green",1450,"bad"
"Brazil","2016","Other","Natural / Dry",7.25,7.75,6.92,7.42,7.5,7.58,10,10,10,7.25,0,"Green",1,"bad"
"Tanzania, United Republic Of","2014","Other","Washed / Wet",7.42,7.33,7.25,7.42,7.5,7.42,10,10,10,7.33,0.12,"Green",1500,"bad"
"Tanzania, United Republic Of","2013","Other","Washed / Wet",7.33,7.33,7.5,7.25,7.42,7.33,10,10,10,7.5,0.12,"Green",1700,"bad"
"Brazil","2015","Bourbon","Washed / Wet",7.25,7.42,7.25,7.5,7.5,7.42,10,10,10,7.33,0.1,"Green",1260,"bad"
"Honduras","2014","Caturra","Natural / Dry",7.5,7.33,7.5,7.5,7.17,7.17,10,10,10,7.5,0.1,"Green",1400,"bad"
"Costa Rica","2013","Caturra","Washed / Wet",7.5,7.17,7.17,7.17,7.5,7.08,10,10,10,8.08,0.11,"Green",1850,"bad"
"Taiwan","2014","Typica","Semi-washed / Semi-pulped",7.5,7.5,7.5,7.25,7.42,7.25,10,10,10,7.25,0.11,"Green",150,"bad"
"Taiwan","2014","Typica","Washed / Wet",7.58,7.42,7.33,7.42,7.33,7.33,10,10,10,7.25,0.11,"Green",750,"bad"
"Mexico","2013","Typica","Washed / Wet",7.5,7.42,7.08,7.58,7.33,7.33,10,10,10,7.42,0.12,"Green",1400,"bad"
"Guatemala","2012","Bourbon","Washed / Wet",7.5,7.67,7.33,7.33,7.33,7.33,10,10,10,7.17,0.11,"Green",1752.6,"bad"
"Mexico","2012","Typica","Washed / Wet",7.25,7.67,7.58,7.67,7.67,7.58,8.67,10,10,7.58,0.13,"Green",1650,"bad"
"Mexico","2012","Bourbon","Washed / Wet",7.67,7.25,7.17,7.75,7.5,7.25,10,10,10,7.08,0.11,"Green",1400,"bad"
"Mexico","2012","Bourbon","Washed / Wet",7.5,7.42,7.33,7.42,7.42,7.42,10,10,10,7.17,0.11,"Green",1200,"bad"
"Mexico","2012","Bourbon","Washed / Wet",7.58,7.42,7.25,7.58,7.25,7.17,10,10,10,7.42,0.11,"Green",1400,"bad"
"Mexico","2012","Caturra","Semi-washed / Semi-pulped",7.75,7.58,7.25,7.17,7.58,7.33,9.33,10,10,7.67,0.11,"Green",940,"bad"
"Honduras","2018","Other","Washed / Wet",7.5,7.42,7.08,7.42,7.5,7.33,10,10,10,7.33,0.11,"Blue-Green",1200,"bad"
"Taiwan","2016","Typica","Washed / Wet",7.42,7.42,7.25,7.67,7.33,7.25,10,10,10,7.25,0.1,"Blue-Green",800,"bad"
"Costa Rica","2015","Caturra","Washed / Wet",7.58,7.42,7.5,7.17,7.08,7.58,10,10,10,7.25,0.12,"Green",13,"bad"
"Tanzania, United Republic Of","2014","Other","Washed / Wet",7.42,7.42,7.33,7.42,7.42,7.33,10,10,10,7.25,0.12,"Green",1800,"bad"
"Malawi","2014","Other","Washed / Wet",7.42,7.42,7.17,7.58,7.33,7.33,10,10,10,7.33,0.13,"Green",1100,"bad"
"Brazil","2014","Other","Washed / Wet",7.42,7.42,7.33,7.33,7.5,7.25,10,10,10,7.33,0.12,"Blue-Green",1260,"bad"
"Guatemala","2013","Bourbon","Washed / Wet",7.42,7.33,7.17,7.58,7.42,7.5,10,10,10,7.17,0.12,"Green",1310.64,"bad"
"Mexico","2013","Typica","Washed / Wet",7.67,7.5,7.42,7.5,6.75,7.42,10,10,10,7.33,0.12,"Green",1400,"bad"
"Guatemala","2017","Bourbon","Washed / Wet",7.67,7.58,7.17,7.42,7.33,7.42,9.33,10,10,7.58,0.1,"Green",1219.2,"bad"
"Nicaragua","2017","Caturra","Other",7.5,7.42,7.33,7.33,7.25,7.33,10,10,10,7.33,0.11,"Green",1100,"bad"
"Honduras","2017","Caturra","Washed / Wet",7.5,7.5,7.33,7.42,7.17,7.25,10,10,10,7.33,0.1,"Green",1400,"bad"
"Taiwan","2015","Typica","Natural / Dry",7.5,7.42,7.33,7.08,7.58,7.25,10,10,10,7.33,0.12,"Green",180,"bad"
"Myanmar","2015","Catuai","Washed / Wet",7.25,7.42,7.25,7.5,7.33,7.33,10,10,10,7.42,0,"Green",1219.2,"bad"
"Costa Rica","2014","Caturra","Washed / Wet",7.83,7.33,7.08,7.08,7.33,7.5,10,10,10,7.33,0.12,"Green",1200,"bad"
"Malawi","2014","Other","Washed / Wet",7.67,7.42,6.92,7.5,7.5,7.17,10,10,10,7.33,0.12,"Green",1599,"bad"
"Guatemala","2014","Other","Washed / Wet",7.5,7.42,7.17,7.58,7.25,7.42,10,10,10,7.17,0.12,"Green",1219.2,"bad"
"Taiwan","2014","Typica","Washed / Wet",7.42,7.33,7.67,7.33,7.42,7.5,10,10,9.33,7.5,0.11,"Blue-Green",900,"bad"
"Brazil","2014","Other","Semi-washed / Semi-pulped",7.58,7.5,7.5,7.67,7.67,7.83,9.33,9.33,9.33,7.75,0,"Green",1200,"bad"
"Haiti","2013","Other","Washed / Wet",7.42,7.33,7.25,7.42,7.42,7.33,10,10,10,7.33,0.11,"Bluish-Green",825,"bad"
"Taiwan","2014","Typica","Other",7.5,7.42,7.25,7.25,7.33,7.33,10,10,10,7.42,0.11,"Green",600,"bad"
"Mexico","2013","Typica","Washed / Wet",7.33,7.33,7.17,7.42,7.5,7.5,10,10,10,7.25,0.13,"Green",1150,"bad"
"Mexico","2012","Typica","Washed / Wet",7.58,7.42,7.25,7.42,7.33,7.33,10,10,10,7.17,0.12,"Green",1600,"bad"
"Mexico","2012","Catuai","Washed / Wet",7.42,7.25,7.17,7.42,7.17,8,10,10,10,7.08,0.12,"Green",1100,"bad"
"Mexico","2012","Typica","Semi-washed / Semi-pulped",7.33,7.5,7.33,7.33,7.33,7.42,10,10,10,7.25,0.11,"Green",1000,"bad"
"Mexico","2012","Bourbon","Washed / Wet",7.42,7.42,7.33,7.17,7.25,7.42,10,10,10,7.5,0.13,"Green",1250,"bad"
"Mexico","2012","Typica","Natural / Dry",7.5,7.5,7.25,7.5,7.42,7.58,9.33,10,10,7.42,0.11,"Green",1100,"bad"
"Indonesia","2012","Other","Washed / Wet",7.75,7.17,7.17,7.33,7.58,7.33,10,10,10,7.17,0.12,"Green",1400,"bad"
"Brazil","2012","Bourbon","Semi-washed / Semi-pulped",7.5,7.42,7.17,7.42,7.5,7.33,10,10,10,7.17,0.12,"Blue-Green",125,"bad"
"Mexico","2017","Other","Washed / Wet",7.58,7.33,7.08,7.33,7.5,7.33,10,10,10,7.25,0.12,"Green",1100,"bad"
"Guatemala","2016","Catuai","Washed / Wet",7.42,7.33,7.08,7.58,7.33,7.25,10,10,10,7.42,0.1,"Green",1371.6,"bad"
"Brazil","2016","Catuai","Natural / Dry",7.33,7.5,7.5,7.33,6.83,7.42,10,10,10,7.5,0.11,"Green",1100,"bad"
"Honduras","2015","Catuai","Washed / Wet",7.5,7.33,7.17,7.25,7.5,7.42,10,10,10,7.25,0.12,"Green",1400,"bad"
"Taiwan","2014","Typica","Washed / Wet",7.83,7.75,7.42,7.17,7.08,7.08,10,10,10,7.08,0.12,"Green",110,"bad"
"Malawi","2014","Other","Washed / Wet",7.58,7.17,7.33,7.42,7.08,7.42,10,10,10,7.42,0.12,"Bluish-Green",1422,"bad"
"Brazil","2015","Bourbon","Natural / Dry",7.25,7.5,7.42,7.17,7.33,7.33,10,10,10,7.42,0,"Green",1100,"bad"
"Guatemala","2014","Bourbon","Washed / Wet",7.42,7.5,7.17,7.42,7.42,7.42,10,10,10,7.08,0.1,"Green",1550,"bad"
"Mexico","2014","Typica","Washed / Wet",7.67,7.33,7.25,7.17,7.25,7.42,10,10,10,7.33,0,"Green",1550,"bad"
"Guatemala","2013","Bourbon","Washed / Wet",7.42,7.33,7.25,7.42,7.42,7.5,10,10,10,7.08,0.12,"Green",1310.64,"bad"
"Mexico","2012","Caturra","Washed / Wet",7.42,7.33,7.25,7.17,7.25,7.42,10,10,10,7.58,0.13,"None",763,"bad"
"Colombia","2011","Caturra","Natural / Dry",7.5,7.42,7.25,7.17,7.17,7.75,10,10,10,7.17,0.11,"Green",1750,"bad"
"Honduras","2017","Caturra","Washed / Wet",7.5,7.5,7,7.17,7.5,7.33,10,10,10,7.33,0.11,"Bluish-Green",1500,"bad"
"Brazil","2016","Catuai","Natural / Dry",7.25,7.33,7.33,7.33,7.33,7.42,10,10,10,7.33,0.11,"Green",1100,"bad"
"Honduras","2015","Catuai","Washed / Wet",7.58,7.42,7.17,7.42,7.17,7.17,10,10,10,7.42,0.09,"Green",1350,"bad"
"Brazil","2015","Other","Other",7.17,7.33,7.42,7.25,7.42,7.33,10,10,10,7.42,0.12,"Green",1200,"bad"
"Philippines","2014","Other","Washed / Wet",7.08,7.33,7.42,7.33,7.33,7.5,10,10,10,7.33,0.14,"Green",1400,"bad"
"Malawi","2014","Other","Washed / Wet",7.75,7.33,7.08,7.33,7.33,7.25,10,10,10,7.25,0.13,"Green",1200,"bad"
"Honduras","2014","Catuai","Washed / Wet",7.33,7.33,7.17,7.33,7.5,7.33,10,10,10,7.33,0.12,"Green",1450,"bad"
"Mexico","2012","Typica","Washed / Wet",7.58,7.42,7.25,7.33,7.25,7.25,10,10,10,7.25,0.13,"Green",1800,"bad"
"Mexico","2012","Typica","Washed / Wet",7.33,7.25,7.17,7.42,7.58,7.33,10,10,10,7.25,0.12,"None",1000,"bad"
"Taiwan","2015","Typica","Natural / Dry",7.83,7.75,7.67,7.83,7.83,7.75,9.33,10,10,5.25,0.12,"Green",680,"bad"
"Brazil","2016","Other","Natural / Dry",7.17,7.42,7.17,7.08,6.92,8.17,10,10,10,7.33,0,"Green",1,"bad"
"Nicaragua","2015","Catuai","Washed / Wet",7.08,7.5,7.33,7.17,7.42,7.25,10,10,10,7.5,0.1,"Green",1100,"bad"
"Honduras","2015","Catuai","Washed / Wet",7.42,7.17,7.17,7.5,7.33,7.25,10,10,10,7.42,0.12,"Green",1400,"bad"
"Guatemala","2014","Other","Washed / Wet",7.33,7.42,7.17,7.25,7.42,7.33,10,10,10,7.33,0.09,"Bluish-Green",1700,"bad"
"Tanzania, United Republic Of","2014","Other","Washed / Wet",7.33,7.17,7.17,7.5,7.25,7.42,10,10,10,7.42,0.13,"Green",1700,"bad"
"Taiwan","2014","Typica","Semi-washed / Semi-pulped",7.5,7.5,7.25,7.25,7.25,7.25,10,10,10,7.25,0.11,"Green",650,"bad"
"Guatemala","2013","Caturra","Washed / Wet",7.5,7.33,7.5,7.58,7,7.25,10,10,10,7.08,0.11,"Green",1524,"bad"
"Mexico","2012","Typica","Washed / Wet",7.42,7.42,7.33,7.33,7.5,7.42,9.33,10,10,7.5,0.12,"Green",1500,"bad"
"Tanzania, United Republic Of","2016","Bourbon","Washed / Wet",7.67,7.17,7.17,7.33,7.5,7.17,10,10,10,7.17,0.12,"Green",1050,"bad"
"Mexico","2015","Caturra","Washed / Wet",7.75,7.58,7.08,7.25,7.08,7.25,10,10,10,7.17,0.12,"Green",1200,"bad"
"Costa Rica","2015","Caturra","Washed / Wet",7.5,7.5,7.33,7.17,7.08,7.17,10,10,10,7.42,0.11,"Bluish-Green",1300,"bad"
"Honduras","2015","Catuai","Natural / Dry",7.42,7.33,7,7.42,7.33,7.33,10,10,10,7.33,0.13,"Green",1450,"bad"
"Thailand","2014","Caturra","Washed / Wet",6.83,7.42,7.42,7.17,7.5,7.42,10,10,10,7.42,0.12,"Blue-Green",1450,"bad"
"Philippines","2014","Typica","Natural / Dry",7.25,7.25,7.25,7.08,7.58,7.5,10,10,10,7.25,0,"None",1200,"bad"
"Tanzania, United Republic Of","2014","Bourbon","Washed / Wet",7.58,7.17,7.17,7.33,7.33,7.25,10,10,10,7.33,0.12,"Bluish-Green",1550,"bad"
"Malawi","2014","Caturra","Washed / Wet",7.58,7.25,7.33,7.08,7.33,7.33,10,10,10,7.25,0.12,"Green",995,"bad"
"Costa Rica","2014","Catuai","Washed / Wet",7.33,7.08,7.33,7.25,7.33,7.58,10,10,10,7.25,0.11,"Green",1300,"bad"
"Mexico","2012","Typica","Natural / Dry",7.42,7.25,7.08,7.75,7.42,7.17,10,10,10,7.08,0.13,"Green",1800,"bad"
"Guatemala","2012","Caturra","Washed / Wet",7.42,7.25,7.33,7.25,7.25,7.42,10,10,10,7.25,0.12,"Green",1450,"bad"
"Brazil","2012","Other","Natural / Dry",7.42,7.33,7.25,7.42,7.5,7.17,10,10,10,7.08,0.12,"Green",1000,"bad"
"Brazil","2016","Other","Natural / Dry",7.58,7.42,7.5,7.25,7.75,7.58,9.33,10,9.33,7.33,0.11,"Green",695,"bad"
"Tanzania, United Republic Of","2014","Other","Washed / Wet",7.42,7.33,7.33,7.25,7.25,7.33,10,10,10,7.17,0.13,"Green",1456,"bad"
"Costa Rica","2014","Caturra","Washed / Wet",7.42,7.25,7.17,7.25,7.25,7.58,10,10,10,7.17,0.13,"Green",1500,"bad"
"United States (Puerto Rico)","2013","Other","Washed / Wet",7.67,7.75,7.67,7.58,7.58,7.67,6.67,10,10,8.5,0,"Green",853.44,"bad"
"Mexico","2012","Typica","Washed / Wet",7.25,7.42,7.33,7.33,7.17,7.33,10,10,10,7.25,0.13,"None",1650,"bad"
"Mexico","2012","Typica","Washed / Wet",7.33,7.25,7.33,7.42,7.25,7.42,10,10,10,7.08,0.12,"Green",1300,"bad"
"Mexico","2012","Typica","Washed / Wet",7.33,7.33,7.25,7.42,7.25,7.25,10,10,10,7.25,0.11,"Green",1642,"bad"
"Mexico","2012","Typica","Washed / Wet",7.42,7.33,7.25,7.42,7.17,7.25,10,10,10,7.25,0.1,"Green",1200,"bad"
"El Salvador","2017","Bourbon","Washed / Wet",7.42,7.08,7.08,7.33,7.25,7.58,10,10,10,7.25,0,"Green",1450,"bad"
"Guatemala","2016","Bourbon","Washed / Wet",7.42,7.25,7.17,7.5,7.25,7.17,10,10,10,7.25,0.09,"Green",3280,"bad"
"Colombia","2016","Caturra","Washed / Wet",7.67,7.5,7.42,5.25,7.67,7.75,10,10,10,7.75,0,"Green",1600,"bad"
"Guatemala","2015","Bourbon","Washed / Wet",7.5,7.25,7,7.25,7.5,7.25,10,10,10,7.25,0.11,"Green",1219.2,"bad"
"Taiwan","2015","Typica","Washed / Wet",7.25,7.17,7.17,7.25,7.5,7.33,10,10,10,7.33,0.12,"Bluish-Green",758,"bad"
"Honduras","2014","Caturra","Natural / Dry",7.42,7.25,7.25,7.33,7.25,7.17,10,10,10,7.33,0.12,"Green",1350,"bad"
"Tanzania, United Republic Of","2014","Other","Washed / Wet",7.33,7.33,7.08,7.42,7.17,7.33,10,10,10,7.33,0.12,"Green",1525,"bad"
"Uganda","2013","Other","Natural / Dry",7.33,6.92,7.17,7.33,7.42,7.42,10,10,10,7.42,0.12,"Green",1700,"bad"
"Taiwan","2014","Typica","Semi-washed / Semi-pulped",7.5,6.92,7.33,7.33,7.33,7.33,10,10,10,7.25,0.11,"Green",1100,"bad"
"Mexico","2012","Other","Washed / Wet",7.08,7.33,7.33,7.33,7.42,7.25,10,10,10,7.25,0.12,"Green",950,"bad"
"Mexico","2012","Typica","Washed / Wet",7.58,7.67,7.5,7.67,7.58,7.5,8,10,10,7.5,0,"Green",1100,"bad"
"Taiwan","2017","Other","Washed / Wet",7.33,7.17,7.25,7.33,7.33,7.25,10,10,10,7.25,0,"Blue-Green",200,"bad"
"Guatemala","2017","Bourbon","Washed / Wet",7.67,7.67,7.33,7.58,7.67,7.5,9.33,9.33,9.33,7.5,0.1,"Green",1901,"bad"
"Kenya","2017","Other","Washed / Wet",7.17,7.58,7.5,7.5,8,7.75,10,10,10,5.42,0.11,"Green",1600,"bad"
"Mexico","2017","Bourbon","Washed / Wet",7.5,7.33,7.17,7.42,7.5,7.33,9.33,10,10,7.33,0.11,"Green",1100,"bad"
"Tanzania, United Republic Of","2014","Other","Washed / Wet",7.33,7.17,7.17,7.25,7.42,7.33,10,10,10,7.25,0.12,"Green",1700,"bad"
"Brazil","2015","Other","Natural / Dry",7.25,7.33,7.25,7.25,7.25,7.33,10,10,10,7.25,0.12,"Green",1200,"bad"
"Taiwan","2014","Typica","Washed / Wet",7.92,7.67,7.33,7.08,7.08,7.08,10,10,10,6.75,0.09,"Green",550,"bad"
"Brazil","2015","Bourbon","Natural / Dry",7.17,7.42,7.17,7.25,7.25,7.33,10,10,10,7.33,0.1,"None",1100,"bad"
"Nicaragua","2013","Caturra","Washed / Wet",7.33,7.08,7.25,7,7.5,7.42,10,10,10,7.33,0.1,"Green",1050,"bad"
"Guatemala","2014","Other","Washed / Wet",7.58,7.42,6.92,7.5,7.25,7.17,10,10,10,7.08,0.12,"Green",1524,"bad"
"Taiwan","2014","Typica","Other",7.25,7.17,7.08,7.08,7.08,8.08,10,10,10,7.17,0.11,"Green",688,"bad"
"Taiwan","2014","Typica","Washed / Wet",7.42,7.25,7.25,7.25,7.25,7.25,10,10,10,7.25,0.11,"Green",300,"bad"
"Mexico","2012","Typica","Washed / Wet",7.58,7.33,7.08,7.5,7.17,7.25,10,10,10,7,0.13,"Green",1186,"bad"
"Laos","2016","Other","Washed / Wet",7.42,7.33,7.17,7.17,7.17,7.25,10,10,10,7.33,0,"Green",1300,"bad"
"Guatemala","2013","Caturra","Washed / Wet",7.67,7.25,7.08,7.33,7.17,7.25,10,10,10,7.08,0.11,"Green",1200,"bad"
"Mexico","2012","Catuai","Semi-washed / Semi-pulped",7.17,7.08,7.25,7.42,7.25,7.33,10,10,10,7.33,0.13,"Green",1210,"bad"
"Mexico","2012","Typica","Washed / Wet",7.33,7.25,7.33,7.33,7.25,7.17,10,10,10,7.17,0.11,"Green",1100,"bad"
"Mexico","2012","Bourbon","Washed / Wet",7.5,7.17,7.33,7.25,7.17,7.17,10,10,10,7.25,0.13,"Green",100,"bad"
"Myanmar","2015","Catuai","Washed / Wet",6.92,7.5,7,7.58,7.5,7.08,10,10,10,7.17,0,"Green",3825,"bad"
"Guatemala","2015","Caturra","Washed / Wet",7.5,7.33,7,7.42,7.17,7.17,10,10,10,7.17,0.12,"Green",1706.88,"bad"
"Honduras","2015","Caturra","Natural / Dry",7.5,7.33,7,7.42,7.25,7.17,10,10,10,7.08,0.11,"Green",1450,"bad"
"Panama","2014","Caturra","Other",7.25,7.33,7.17,7.33,7.33,7.17,10,10,10,7.17,0.11,"Green",1680,"bad"
"Honduras","2015","Catuai","Washed / Wet",7.42,7.17,7.08,7.42,7.25,7.25,10,10,10,7.17,0.09,"Green",1350,"bad"
"Honduras","2015","Catuai","Natural / Dry",7.25,7.33,7.08,7.5,7.25,7.33,10,10,10,7,0.13,"Green",1450,"bad"
"Costa Rica","2014","Caturra","Washed / Wet",7.33,7.33,7.25,7.25,7.17,7.17,10,10,10,7.25,0.11,"Green",1300,"bad"
"Mexico","2012","Typica","Washed / Wet",7.58,7.33,7.42,7.25,7.5,7.5,9.33,9.33,10,7.5,0.11,"Green",1200,"bad"
"Haiti","2012","Typica","Washed / Wet",7.42,7,7.42,7.25,7.08,7.33,10,10,10,7.25,0.12,"Green",1000,"bad"
"Indonesia","2015","Other","Semi-washed / Semi-pulped",7.58,7.42,7,7.67,7.5,7.5,9.33,9.33,10,7.33,0.13,"Blue-Green",1350,"bad"
"Guatemala","2016","Bourbon","Washed / Wet",7.67,7.42,6.83,7.17,7.42,7.17,10,10,10,7,0.11,"Green",1500,"bad"
"Costa Rica","2015","Caturra","Washed / Wet",7.83,7.5,7.67,7.67,7.83,7.5,6.67,10,10,8,0.11,"Blue-Green",185,"bad"
"Malawi","2014","Caturra","Washed / Wet",7.5,7.25,7.17,7.17,7.25,7.17,10,10,10,7.17,0.12,"Bluish-Green",995,"bad"
"Mexico","2014","Typica","Washed / Wet",7.25,7.17,7.17,7.25,7.17,7.42,10,10,10,7.25,0.12,"Green",1200,"bad"
"Guatemala","2013","Bourbon","Washed / Wet",7.67,7.17,7,7.5,7,7,10,10,10,7.33,0.12,"Green",1550,"bad"
"Tanzania, United Republic Of","2014","Other","Washed / Wet",7.25,7.08,7.08,7.33,7.33,7.25,10,10,10,7.25,0.12,"Bluish-Green",1400,"bad"
"Brazil","2015","Bourbon","Semi-washed / Semi-pulped",7.42,7.25,7.33,7,7.08,7.25,10,10,10,7.25,0,"Green",1200,"bad"
"Honduras","2014","Caturra","Washed / Wet",7.5,7.17,7,7.42,7.33,7,10,10,10,7.17,0.11,"Green",1400,"bad"
"Guatemala","2014","Bourbon","Natural / Dry",7.17,7.42,6.83,7.5,7.17,7.25,10,10,10,7.25,0.11,"Green",1383.792,"bad"
"Taiwan","2017","Other","Natural / Dry",7.17,7.17,7.17,7.42,7.17,7.25,10,10,10,7.17,0,"Blue-Green",50,"bad"
"Guatemala","2017","Caturra","Washed / Wet",7.33,7.25,7.08,7.17,7.25,7.17,10,10,10,7.25,0.1,"Green",1500,"bad"
"Honduras","2017","Catuai","Washed / Wet",7.58,7.33,7,7.17,7.33,7.08,10,10,10,7,0.11,"Green",1650,"bad"
"Brazil","2016","Other","Semi-washed / Semi-pulped",7.25,7.33,7.17,7.5,7.33,7.25,9.33,10,10,7.33,0.11,"Green",1250,"bad"
"Myanmar","2015","Other","Washed / Wet",7.17,7.33,7.17,7.42,7.25,7.08,10,10,10,7.08,0,"Green",3800,"bad"
"Guatemala","2014","Other","Washed / Wet",7.5,7.17,6.83,7.5,7.17,7.17,10,10,10,7.17,0.11,"Green",1219.2,"bad"
"Brazil","2013","Other","Semi-washed / Semi-pulped",7.42,7.42,7.08,7.33,7.67,7.5,9.33,9.33,10,7.42,0.1,"None",1250,"bad"
"Guatemala","2013","Bourbon","Washed / Wet",7.5,7.5,7,7.67,7.17,7,10,10,10,6.67,0.12,"Green",1859.28,"bad"
"Mexico","2012","Typica","Washed / Wet",7.25,7.25,7.08,7.33,7.25,7.17,10,10,10,7.17,0.15,"None",1450,"bad"
"Taiwan","2014","Typica","Washed / Wet",7.58,7.17,7.17,7.17,7.17,7.17,10,10,10,7,0.14,"Green",600,"bad"
"El Salvador","2013","Bourbon","Washed / Wet",7.33,7.17,7.08,7.08,7.33,7.17,10,10,10,7.25,0,"Green",1450,"bad"
"China","2013","Other","Washed / Wet",7.25,7.08,7.25,7.17,7.33,7.17,10,10,10,7.17,0.17,"Green",1700,"bad"
"Taiwan","2014","Typica","Washed / Wet",7.25,7.25,7.17,7.25,7.25,7.25,10,10,10,7,0.11,"Green",600,"bad"
"Mexico","2012","Typica","Washed / Wet",6.92,7.17,7.08,7.5,7.33,7.17,10,10,10,7.25,0.1,"Green",1050,"bad"
"Mexico","2012","Caturra","Washed / Wet",7.42,7.08,7.08,7.33,7.25,7.17,10,10,10,7.08,0.12,"Green",1550,"bad"
"Tanzania, United Republic Of","2016","Bourbon","Washed / Wet",7.25,7.17,7,7.25,7.42,7.08,10,10,10,7.17,0.13,"Green",1700,"bad"
"Taiwan","2014","Other","Other",7.25,7.25,7.08,7.25,7.25,7.25,10,10,10,7,0.11,"Green",600,"bad"
"Guatemala","2013","Bourbon","Washed / Wet",7.33,7.33,6.83,7.5,7,7.17,10,10,10,7.17,0.11,"Green",1310.64,"bad"
"Mexico","2012","Typica","Semi-washed / Semi-pulped",7.25,7.08,7.08,7.33,7.33,7.17,10,10,10,7.08,0.11,"Green",940,"bad"
"Brazil","2018","Catuai","Natural / Dry",7.17,7.33,7.42,7.08,7,7,10,10,10,7.25,0.11,"Green",995,"bad"
"Honduras","2016","Caturra","Natural / Dry",7.25,7.25,7,7,7.42,7,10,10,10,7.33,0.1,"Green",1400,"bad"
"Mexico","2016","Caturra","Washed / Wet",7.25,7.17,7,7.33,7.33,7,10,10,10,7.17,0.1,"Green",1600,"bad"
"Myanmar","2015","Other","Natural / Dry",8,7.08,7,7.33,7.08,6.92,10,10,10,6.83,0.11,"Green",914.4,"bad"
"Myanmar","2014","Catuai","Natural / Dry",7.42,7,7.08,7,7.17,7.33,10,10,10,7.25,0,"Green",4287,"bad"
"Nicaragua","2015","Caturra","Washed / Wet",7.08,6.92,7,7.25,7.5,7.25,10,10,10,7.25,0.11,"Green",900,"bad"
"Taiwan","2014","Typica","Semi-washed / Semi-pulped",7.25,7.08,7.25,7.25,7.17,7.25,10,10,10,7,0.11,"Green",700,"bad"
"Guatemala","2012","Caturra","Washed / Wet",7,7.17,7.33,7.33,7,7.17,10,10,10,7.25,0.11,"Green",1400,"bad"
"Mexico","2012","Caturra","Washed / Wet",7.58,7.33,7.17,7.25,6.75,7,10,10,10,7.17,0.11,"None",808,"bad"
"Honduras","2015","Catuai","Washed / Wet",7.25,7.25,7,7.17,7.08,7.08,10,10,10,7.33,0.11,"Green",1400,"bad"
"Guatemala","2013","Bourbon","Washed / Wet",7.33,7.33,7,7.17,7.17,7.17,10,10,10,7,0.11,"Green",1310.64,"bad"
"Mexico","2012","Typica","Washed / Wet",7.33,7.08,6.92,7.42,7.25,7.08,10,10,10,7.08,0.11,"Green",1250,"bad"
"Mexico","2012","Typica","Washed / Wet",7.58,7.42,7.33,7.5,7.08,7.17,8.67,10,10,7.42,0.14,"Green",1550,"bad"
"Mexico","2012","Bourbon","Washed / Wet",7.33,7.33,7.17,7.08,7.25,7,10,10,10,7,0.12,"Green",1000,"bad"
"Guatemala","2012","Bourbon","Washed / Wet",7.33,7.33,7,7.33,7,7,10,10,10,7.17,0.11,"Green",1310.64,"bad"
"Brazil","2018","Bourbon","Pulped natural / honey",7.17,7.17,7,7.17,7.25,7.25,10,10,10,7.08,0.11,"Green",1100,"bad"
"Taiwan","2014","Typica","Washed / Wet",7.42,7.25,7.25,7.17,7,7,10,10,10,7,0.07,"Green",850,"bad"
"Taiwan","2014","Typica","Other",7.25,7.25,7.25,7.25,7.08,7,10,10,10,7,0.11,"Green",200,"bad"
"Taiwan","2014","Typica","Washed / Wet",7.25,7.25,7.25,7,7.25,7.08,10,10,10,7,0.11,"Green",150,"bad"
"Taiwan","2014","Typica","Semi-washed / Semi-pulped",7.25,7.25,7.25,7.08,7.17,7.08,10,10,10,7,0.11,"Green",250,"bad"
"Mexico","2012","Typica","Washed / Wet",7.33,7.17,7.25,7.08,7.08,7.08,10,10,10,7.08,0.15,"None",1300,"bad"
"Mexico","2012","Typica","Washed / Wet",7.25,7.08,7,7.17,7.33,7.17,10,10,10,7.08,0.14,"Green",1300,"bad"
"Nicaragua","2017","Caturra","Washed / Wet",7.33,7.08,6.92,7.08,7.42,7.17,10,10,10,7,0.1,"Green",1250,"bad"
"Myanmar","2015","Other","Washed / Wet",7.17,7.33,7,7.42,7.17,7,10,10,10,6.92,0,"Green",3845,"bad"
"Mexico","2014","Typica","Washed / Wet",7.58,7.75,7.42,7.5,7.5,7.5,8.67,8.67,10,7.42,0,"Green",1400,"bad"
"Taiwan","2014","Typica","Washed / Wet",7.25,7.25,7.25,7,7.25,7,10,10,10,7,0.11,"Green",250,"bad"
"Mexico","2012","Typica","Washed / Wet",7.25,7.25,7.08,7.17,7.33,7.33,9.33,10,10,7.25,0.12,"Green",1250,"bad"
"Mexico","2012","Other","Washed / Wet",7.08,7.33,7,7.33,7.08,7,10,10,10,7.17,0.11,"Green",1100,"bad"
"Mexico","2013","Bourbon","Washed / Wet",7.33,7.08,7.08,7.33,7.42,7.17,9.33,10,10,7.17,0.12,"Green",1300,"bad"
"Mexico","2012","Other","Washed / Wet",7.17,7.17,6.92,7.25,7.33,7.08,10,10,10,7,0.12,"Green",1100,"bad"
"Mexico","2012","Catuai","Washed / Wet",7.17,7.08,7.08,7.08,7.5,7.33,9.33,10,10,7.33,0.11,"Green",1100,"bad"
"Mexico","2012","Typica","Natural / Dry",7.33,7.25,7,7.42,7.17,7.17,9.33,10,10,7.25,0.12,"Green",1250,"bad"
"Mexico","2012","Other","Washed / Wet",7.17,7.33,7.08,7.58,7.33,7.08,10,9.33,10,7,0.11,"Green",1250,"bad"
"Guatemala","2017","Bourbon","Washed / Wet",7.33,7.25,6.92,7.33,7.25,7.33,9.33,10,10,7.08,0.1,"Green",1700,"bad"
"Nicaragua","2014","Caturra","Washed / Wet",6.83,7.17,7.17,6.92,7.5,7.08,10,10,10,7.17,0.11,"Green",1250,"bad"
"Mexico","2012","Typica","Washed / Wet",7.17,7.08,7,7.25,7.5,7,10,10,10,6.83,0.12,"Green",1300,"bad"
"Taiwan","2013","Typica","Washed / Wet",7.08,7.08,7.25,7,7.17,7.17,10,10,10,7,0.1,"Blue-Green",600,"bad"
"Costa Rica","2013","Catuai","Washed / Wet",7.58,7.5,7.67,7.75,7.67,7.58,8,8,10,8,0.1,"Bluish-Green",1100,"bad"
"Mexico","2013","Typica","Washed / Wet",7.58,7.08,7,7,7.5,6.92,10,10,10,6.67,0.12,"Green",1400,"bad"
"Mexico","2013","Bourbon","Washed / Wet",7.58,7.08,6.92,7.58,7.5,6.92,10,9.33,10,6.83,0.13,"Green",1022,"bad"
"Mexico","2013","Bourbon","Washed / Wet",7.25,7.08,7,7.17,7.17,7.08,10,10,10,7,0.12,"Green",1300,"bad"
"Mexico","2012","Bourbon","Washed / Wet",7.25,7.17,7.17,7.08,7.17,7,10,10,10,6.92,0.14,"None",1450,"bad"
"Mexico","2012","Typica","Washed / Wet",7.33,7.25,7,7.08,7.08,7,10,10,10,7,0.1,"Green",1050,"bad"
"Guatemala","2016","Bourbon","Washed / Wet",7.42,7.42,7.25,7.58,7.42,7.33,9.33,9.33,9.33,7.25,0.1,"Green",1219.2,"bad"
"El Salvador","2016","Bourbon","Washed / Wet",7.25,7.08,7,6.83,7.33,7.17,10,10,10,7,0,"Bluish-Green",1250,"bad"
"Guatemala","2013","Bourbon","Washed / Wet",7.5,7,6.83,7.08,7.08,7.17,10,10,10,7,0.11,"Green",1310.64,"bad"
"Mexico","2013","Typica","Washed / Wet",7.42,7.25,6.83,7.58,7.17,6.58,10,10,10,6.83,0.12,"Green",1400,"bad"
"Mexico","2012","Caturra","Washed / Wet",7.33,7.17,7,6.75,7.08,7,10,10,10,7.33,0.13,"None",975,"bad"
"Mexico","2012","Typica","Washed / Wet",7.08,7,6.92,7.33,7.25,7.08,10,10,10,6.92,0.12,"None",1250,"bad"
"Mexico","2012","Caturra","Washed / Wet",7.25,6.92,6.92,7.33,7.25,7,10,10,10,6.92,0.13,"Green",1550,"bad"
"Nicaragua","2015","Caturra","Natural / Dry",6.92,6.92,7,7.42,7.25,7,10,10,10,7,0.12,"Green",1050,"bad"
"Colombia","2013","Caturra","Washed / Wet",7.83,7.5,7.42,7.42,7.67,7.5,10,6.67,10,7.5,0,"Green",1550,"bad"
"Mexico","2012","Caturra","Washed / Wet",7.25,7.08,6.92,7.25,7.58,7.08,9.33,10,10,7,0.12,"Green",1550,"bad"
"Mexico","2012","Typica","Washed / Wet",7.25,7.33,7,7.25,7.17,7.17,9.33,10,10,7,0.12,"Bluish-Green",1100,"bad"
"Guatemala","2013","Bourbon","Washed / Wet",7.08,7.33,7.25,7.58,7.33,7.42,9.33,9.33,9.33,7.42,0.1,"Green",1219.2,"bad"
"Guatemala","2014","Other","Washed / Wet",7.25,7.33,6.83,7,7,7.17,10,10,10,6.83,0.1,"Green",1219.2,"bad"
"Mexico","2012","Typica","Washed / Wet",7,6.83,6.83,7.42,7.33,7.17,10,10,10,6.83,0.13,"Green",800,"bad"
"Colombia","2013","Caturra","Washed / Wet",7.42,7.25,6.75,7.25,7.42,7.25,9.33,9.33,10,7.33,0,"Green",1200,"bad"
"Mexico","2012","Typica","Washed / Wet",7,7,6.83,7.33,7.42,6.92,10,10,10,6.83,0.14,"None",950,"bad"
"Mexico","2012","Typica","Washed / Wet",7.42,7.17,7.08,7.17,7.08,7.08,9.33,10,10,7,0.14,"Green",750,"bad"
"Taiwan","2014","Typica","Washed / Wet",7.08,6.83,6.83,7.25,7.42,7.08,10,10,10,6.75,0.11,"Blue-Green",850,"bad"
"Mexico","2012","Bourbon","Washed / Wet",7,7,6.92,7.17,7.17,7.08,10,10,10,6.92,0.13,"Green",1000,"bad"
"Guatemala","2017","Bourbon","Washed / Wet",7.33,7.42,7.33,7.42,7.5,7.42,8.67,9.33,9.33,7.42,0.1,"Green",1219.2,"bad"
"Honduras","2017","Catuai","Washed / Wet",7.58,7,6.75,6.92,7,6.92,10,10,10,7,0.11,"Green",1650,"bad"
"Guatemala","2016","Bourbon","Washed / Wet",7.08,7,6.92,7.42,7,6.92,10,10,10,6.83,0.11,"Green",1320,"bad"
"Guatemala","2015","Catuai","Washed / Wet",7.25,7.17,6.75,7.25,7,6.92,10,10,10,6.83,0.11,"Green",1550,"bad"
"Mexico","2012","Typica","Washed / Wet",7.25,7.08,6.92,7.08,7.17,7.17,9.33,10,10,7.17,0.14,"None",1550,"bad"
"Mexico","2012","Typica","Washed / Wet",7.17,6.92,6.92,7.08,7.17,7,10,10,10,6.92,0.14,"Green",1450,"bad"
"Guatemala","2017","Bourbon","Washed / Wet",7.58,7.67,7.42,7.42,7.67,7.67,8.67,8.67,8.67,7.67,0.1,"Green",1700,"bad"
"United States (Puerto Rico)","2013","Other","Washed / Wet",7.42,7.08,6.75,7.33,7.33,6.92,10,9.33,10,6.92,0.13,"Green",853.44,"bad"
"Mexico","2012","Typica","Washed / Wet",7.33,7,6.92,7.25,7.33,7.08,9.33,10,10,6.83,0.16,"None",1500,"bad"
"Mexico","2012","Other","Washed / Wet",7.25,7.08,6.75,7.33,7.42,7,9.33,10,10,6.92,0.11,"Green",1100,"bad"
"Mexico","2012","Typica","Washed / Wet",7.17,7.25,7.25,7.17,7.25,7.08,9.33,9.33,10,7.25,0.1,"Bluish-Green",1200,"bad"
"Guatemala","2014","Other","Washed / Wet",7.33,7.17,6.58,7.42,7.08,6.83,10,10,10,6.58,0.12,"Green",1219.2,"bad"
"Honduras","2014","Other","Washed / Wet",7,7,7,7,7,7,10,10,10,7,0.11,"Green",1350,"bad"
"Mexico","2012","Other","Natural / Dry",6.75,7.08,6.67,7.25,7.17,7.08,10,10,10,7,0.12,"None",1300,"bad"
"Mexico","2012","Typica","Semi-washed / Semi-pulped",7.5,7.17,6.92,7.5,7.25,7,8.67,10,10,7,0.14,"Green",1550,"bad"
"Mexico","2012","Typica","Washed / Wet",7.17,6.83,6.83,7.25,7.17,6.92,10,10,10,6.83,0.14,"Green",12,"bad"
"Mexico","2013","Typica","Washed / Wet",7.33,7,6.75,7.08,7.17,7.25,9.33,10,10,7,0.12,"Green",1300,"bad"
"Mexico","2012","Typica","Washed / Wet",7.5,7,6.92,7.08,6.92,6.75,10,10,10,6.75,0.16,"None",1400,"bad"
"Nicaragua","2016","Caturra","Other",7.17,7,6.92,7,7,7,10,10,10,6.75,0.1,"Green",1100,"bad"
"Guatemala","2013","Bourbon","Washed / Wet",7.33,7.08,6.33,7.25,7,7,10,10,10,6.75,0.12,"Green",1310.64,"bad"
"Mexico","2012","Typica","Washed / Wet",7.25,6.83,6.83,7,7.17,7,10,10,10,6.67,0.14,"Green",1320,"bad"
"Mexico","2012","Typica","Semi-washed / Semi-pulped",7.25,7.33,7.17,7.25,7.08,7,8.67,10,10,7,0.14,"None",1250,"bad"
"China","2013","Typica","Washed / Wet",7,6.92,6.83,7.17,7.17,7.17,10,10,9.33,7.08,0,"Green",1850,"bad"
"Mexico","2012","Caturra","Washed / Wet",6.92,6.92,6.67,7.25,7.17,6.92,10,10,10,6.83,0.13,"None",1150,"bad"
"Guatemala","2014","Other","Washed / Wet",7.33,7.17,6.92,7.58,7.25,7.17,8.67,9.33,10,7.17,0.12,"Green",1219.2,"bad"
"Taiwan","2013","Typica","Washed / Wet",6.83,6.75,7.17,7.25,7,6.92,10,10,10,6.67,0.1,"Green",800,"bad"
"Mexico","2012","Typica","Washed / Wet",7,7,6.75,7.33,6.92,6.92,10,10,10,6.67,0.13,"Green",1400,"bad"
"Mexico","2014","Bourbon","Washed / Wet",7.25,6.75,6.92,6.92,7.25,7.58,9.33,9.33,10,7.17,0,"Green",1600,"bad"
"Mexico","2012","Typica","Washed / Wet",7.08,6.83,6.83,7,7,6.92,10,10,10,6.83,0.12,"None",1400,"bad"
"Mexico","2012","Caturra","Washed / Wet",7.25,7.17,7,6.83,7.58,7.08,8.67,10,10,6.92,0.13,"Green",1200,"bad"
"Mexico","2012","Typica","Washed / Wet",7.58,7.17,7,7.17,7.33,7,8,10,10,7.17,0.14,"None",1500,"bad"
"Guatemala","2014","Other","Washed / Wet",7.17,6.5,6.67,7,7.17,7.17,10,10,10,6.67,0.1,"Green",1219.2,"bad"
"Guatemala","2012","Bourbon","Washed / Wet",7.17,7.17,6.5,7.17,7,6.83,10,10,10,6.5,0.11,"Green",1310.64,"bad"
"Mexico","2012","Typica","Natural / Dry",7.25,7.25,7,7.5,7.33,7.42,8,9.33,10,7.75,0.13,"Green",1300,"bad"
"Mexico","2012","Typica","Washed / Wet",7.08,6.83,6.67,7.25,7.25,6.92,10,9.33,10,6.75,0.11,"Green",1050,"bad"
"Taiwan","2016","Other","Washed / Wet",7.5,7.08,7.33,7.17,7.5,7.5,6.67,10,10,7.25,0,"Green",650,"bad"
"Honduras","2014","Other","Natural / Dry",6.83,7,6.67,7,7,6.83,10,10,10,6.67,0.11,"Green",1350,"bad"
"Guatemala","2014","Other","Washed / Wet",7.42,7.25,6.83,7.33,7,6.92,9.33,9.33,9.33,7.25,0.1,"Green",1219.2,"bad"
"China","2013","Typica","Washed / Wet",7.33,7.17,6.92,7.08,7.33,7,9.33,9.33,9.33,7.17,0.1,"Green",1200,"bad"
"Guatemala","2013","Bourbon","Washed / Wet",7,6.83,6.83,7.17,6.67,6.83,10,10,10,6.67,0.11,"Green",1310.64,"bad"
"Mexico","2012","Other","Washed / Wet",7.25,7.33,7,7,7.25,7.08,10,10,8,7.08,0.12,"Green",850,"bad"
"Costa Rica","2014","Caturra","Washed / Wet",7.5,7.25,7.42,7,7.08,6.83,8.67,9.33,10,6.83,0.12,"Green",1200,"bad"
"Mexico","2012","Typica","Washed / Wet",7.42,7.25,7,7,7.25,7.08,8,10,10,6.92,0.11,"Green",1248,"bad"
"Guatemala","2013","Bourbon","Washed / Wet",7,6.83,6.67,7.17,6.83,6.83,10,10,10,6.5,0.11,"Green",1310.64,"bad"
"Taiwan","2012","Typica","Washed / Wet",7.17,6.75,6.58,7.33,7.33,7.17,9.33,9.33,10,6.67,0.11,"Bluish-Green",775,"bad"
"Mexico","2012","Typica","Washed / Wet",7.17,6.75,6.58,6.75,6.83,6.75,10,10,10,6.67,0.13,"Green",1300,"bad"
"Guatemala","2013","Bourbon","Washed / Wet",7.08,6.92,6.33,7,6.92,7,10,10,10,6.17,0.11,"Green",1310.64,"bad"
"Brazil","2018","Bourbon","Natural / Dry",7.5,7.33,7.42,7.58,7.58,6.92,8,8,10,7,0,"Green",890,"bad"
"Guatemala","2014","Other","Washed / Wet",7.33,7,6.83,7.17,7.17,7.17,9.33,9.33,9.33,6.67,0.1,"Green",1219.2,"bad"
"Mexico","2012","Typica","Washed / Wet",7.33,7,6.67,7,6.92,6.92,9.33,9.33,10,6.83,0.15,"None",1500,"bad"
"Mexico","2012","Other","Washed / Wet",7.08,7,7,7.25,7.33,7.25,8.67,8.67,10,6.92,0.12,"Green",1200,"bad"
"Peru","2014","Caturra","Washed / Wet",7.42,7.75,7.42,7.67,7.92,7.83,8.67,5.33,9.33,7.67,0,"Green",1200,"bad"
"Mexico","2012","Typica","Washed / Wet",7.17,6.58,6.58,7,7.25,6.58,9.33,9.33,10,6.58,0.13,"Green",1100,"bad"
"Guatemala","2012","Bourbon","Washed / Wet",7.5,7,6.83,7.5,7.17,7.33,8.67,8.67,8.67,7,0.11,"Green",1310.64,"bad"
"Mexico","2012","Typica","Washed / Wet",7.42,7,6.83,7.08,6.92,6.83,7.33,10,10,6.75,0.16,"None",1400,"bad"
"Indonesia","2011","Other","Natural / Dry",7.33,7,6.5,6.08,7.58,6.33,9.33,10,9.33,6.67,0.12,"None",3500,"bad"
"Mexico","2012","Bourbon","Washed / Wet",7.08,6.83,6.83,7.17,7.17,7.08,10,7.33,10,6.58,0.12,"Green",1250,"bad"
"Honduras","2014","Other","Natural / Dry",6.83,6.83,6.67,6.83,7,6.83,9.33,8.67,10,7,0.11,"Green",1350,"bad"
"Guatemala","2012","Bourbon","Washed / Wet",7.92,7.58,7.17,7.58,7.33,7.17,8,8,8,6.83,0.11,"Green",1310.64,"bad"
"Mexico","2012","Other","Washed / Wet",7.5,7.25,6.92,7,7.17,6.83,8,8,10,6.83,0.11,"Green",1100,"bad"
"Mexico","2012","Other","Washed / Wet",7.17,6.92,6.67,6.83,7.25,7.75,10,6,10,6.58,0.11,"Green",1200,"bad"
"Mexico","2012","Typica","Washed / Wet",7.17,7.17,6.83,7.17,7.42,6.67,8.67,7.33,10,6.75,0.13,"Bluish-Green",1280,"bad"
"Mexico","2012","Typica","Washed / Wet",7,6.92,6.75,6.92,7.17,6.83,10,6.67,10,6.75,0.14,"Green",850,"bad"
"Mexico","2012","Typica","Washed / Wet",7.08,6.75,6.58,7,7,6.75,8.67,8.67,10,6.42,0.17,"None",1500,"bad"
"Mexico","2012","Typica","Washed / Wet",7.33,6.75,6.67,7.25,7.5,7,10,5.33,10,7,0.12,"Green",1250,"bad"
"Mexico","2013","Typica","Washed / Wet",7.08,7,6.83,7.5,7.33,6.83,8,7.33,10,6.75,0.12,"Green",1700,"bad"
"Guatemala","2013","Bourbon","Washed / Wet",6.5,6.33,6.5,7.5,7.33,6.83,8.67,10,8.67,6,0.11,"Green",1310.64,"bad"
"Mexico","2012","Typica","Washed / Wet",7,6.58,6.67,6.83,7.08,6.83,10,6.67,10,6.67,0.14,"Green",1140,"bad"
"Mexico","2012","Typica","Washed / Wet",6.92,6.42,6.17,7.33,7.25,6.75,10,6.67,10,6.5,0.13,"None",1200,"bad"
"Mexico","2012","Typica","Washed / Wet",7.67,7,7.17,7.58,7.33,7.33,10,2.67,10,7.08,0.12,"Green",1250,"bad"
"Honduras","2014","Other","Washed / Wet",7,7.17,6.83,7.17,7,7.17,8,8,8,7.08,0.11,"Green",1350,"bad"
"Costa Rica","2014","Caturra","Washed / Wet",6.33,6.5,6.33,6.83,6.33,6.5,10,6.67,10,6.25,0.11,"Green",1200,"bad"
"Mexico","2012","Other","Washed / Wet",6.92,6.92,6.92,6.92,7.17,7,10,2.67,10,6.58,0.12,"Green",800,"bad"
"Mexico","2012","Bourbon","Washed / Wet",6.5,6.67,6.42,7.17,7.33,6.5,8,6,10,6.42,0.11,"Green",1800,"bad"
"Mexico","2014","Typica","Washed / Wet",6.92,7,6.83,6.92,7.42,6.92,6,6,10,6.75,0.12,"Green",1000,"bad"
"Honduras","2014","Catuai","Washed / Wet",6.67,6.5,6.17,6.67,6.83,6.17,8,8,8,6.33,0.1,"Green",1450,"bad"
"Honduras","2014","Catuai","Washed / Wet",7,6.17,6.17,6.67,6.5,6.17,8,8,8,6.5,0.1,"Green",1450,"bad"
"Honduras","2014","Catuai","Washed / Wet",7,6.33,6.17,6.5,6.67,6.17,8,8,8,6.33,0.1,"Green",1450,"bad"
"Mexico","2012","Bourbon","Washed / Wet",7.08,6.83,6.25,7.42,7.25,6.75,10,0,10,6.75,0.11,"None",900,"bad"
"Haiti","2012","Typica","Natural / Dry",6.75,6.58,6.42,6.67,7.08,6.67,9.33,6,6,6.42,0.14,"Blue-Green",350,"bad"
"Nicaragua","2016","Caturra","Other",7.25,6.58,6.33,6.25,6.42,6.08,6,6,6,6.17,0.13,"Green",1100,"bad"
"Guatemala","2012","Catuai","Washed / Wet",7.5,6.67,6.67,7.67,7.33,6.67,8,1.33,1.33,6.67,0.1,"Green",1417.32,"bad"
